,url
0,"['http://juba.scba.gov.ar/VerTextoCompleto.aspx?idFallo=169324', 'http://juba.scba.gov.ar/VerTextoCompleto.aspx?idFallo=169474', 'http://juba.scba.gov.ar/VerTextoCompleto.aspx?idFallo=171311', 'http://juba.scba.gov.ar/VerTextoCompleto.aspx?idFallo=167869', 'juez.SI', 'http://juba.scba.gov.ar/VerTextoCompleto.aspx?idFallo=171475', 'http://juba.scba.gov.ar/VerTextoCompleto.aspx?idFallo=171170', 'http://juba.scba.gov.ar/VerTextoCompleto.aspx?idFallo=169734', 'http://juba.scba.gov.ar/VerTextoCompleto.aspx?idFallo=171169', 'http://juba.scba.gov.ar/VerTextoCompleto.aspx?idFallo=171329']"
1,"['http://juba.scba.gov.ar/VerTextoCompleto.aspx?idFallo=127790', 'http://juba.scba.gov.ar/VerTextoCompleto.aspx?idFallo=127485', 'http://juba.scba.gov.ar/VerTextoCompleto.aspx?idFallo=127714', 'http://juba.scba.gov.ar/VerTextoCompleto.aspx?idFallo=127731', 'v.gr', 'http://juba.scba.gov.ar/VerTextoCompleto.aspx?idFallo=127682', 'http://juba.scba.gov.ar/VerTextoCompleto.aspx?idFallo=127716', 'http://juba.scba.gov.ar/VerTextoCompleto.aspx?idFallo=127613', 'http://juba.scba.gov.ar/VerTextoCompleto.aspx?idFallo=127780', 'http://juba.scba.gov.ar/VerTextoCompleto.aspx?idFallo=127813', 'http://juba.scba.gov.ar/VerTextoCompleto.aspx?idFallo=127729', 'http://juba.scba.gov.ar/VerTextoCompleto.aspx?idFallo=127739', 'http://juba.scba.gov.ar/VerTextoCompleto.aspx?idFallo=127804', 'http://juba.scba.gov.ar/VerTextoCompleto.aspx?idFallo=127026', 'http://juba.scba.gov.ar/VerTextoCompleto.aspx?idFallo=127814', 'http://juba.scba.gov.ar/VerTextoCompleto.aspx?idFallo=127808', 'http://juba.scba.gov.ar/VerTextoCompleto.aspx?idFallo=127789', 'http://juba.scba.gov.ar/VerTextoCompleto.aspx?idFallo=127817', 'http://juba.scba.gov.ar/VerTextoCompleto.aspx?idFallo=127028', 'http://juba.scba.gov.ar/VerTextoCompleto.aspx?idFallo=127381', 'http://juba.scba.gov.ar/VerTextoCompleto.aspx?idFallo=127805', 'http://juba.scba.gov.ar/VerTextoCompleto.aspx?idFallo=127591', 'http://juba.scba.gov.ar/VerTextoCompleto.aspx?idFallo=127201', 'http://juba.scba.gov.ar/VerTextoCompleto.aspx?idFallo=127681', 'http://juba.scba.gov.ar/VerTextoCompleto.aspx?idFallo=127493']"
2,"['http://juba.scba.gov.ar/VerTextoCompleto.aspx?idFallo=163678', 'http://juba.scba.gov.ar/VerTextoCompleto.aspx?idFallo=163914', 'http://juba.scba.gov.ar/VerTextoCompleto.aspx?idFallo=163957', 'http://juba.scba.gov.ar/VerTextoCompleto.aspx?idFallo=164042', 'http://juba.scba.gov.ar/VerTextoCompleto.aspx?idFallo=163916', 'http://juba.scba.gov.ar/VerTextoCompleto.aspx?idFallo=163385', 'http://juba.scba.gov.ar/VerTextoCompleto.aspx?idFallo=163790', 'http://juba.scba.gov.ar/VerTextoCompleto.aspx?idFallo=164061', 'http://juba.scba.gov.ar/VerTextoCompleto.aspx?idFallo=163795', 'http://juba.scba.gov.ar/VerTextoCompleto.aspx?idFallo=163113', 'http://juba.scba.gov.ar/VerTextoCompleto.aspx?idFallo=164026']"
3,"['http://juba.scba.gov.ar/VerTextoCompleto.aspx?idFallo=170783', 'http://juba.scba.gov.ar/VerTextoCompleto.aspx?idFallo=170365', 'http://juba.scba.gov.ar/VerTextoCompleto.aspx?idFallo=170369', 'http://juba.scba.gov.ar/VerTextoCompleto.aspx?idFallo=170891', 'http://juba.scba.gov.ar/VerTextoCompleto.aspx?idFallo=171114']"
4,"['http://juba.scba.gov.ar/VerTextoCompleto.aspx?idFallo=131181', 'http://juba.scba.gov.ar/VerTextoCompleto.aspx?idFallo=130583', 'http://juba.scba.gov.ar/VerTextoCompleto.aspx?idFallo=131171', 'http://juba.scba.gov.ar/VerTextoCompleto.aspx?idFallo=132465', 'http://juba.scba.gov.ar/VerTextoCompleto.aspx?idFallo=132723', 'http://juba.scba.gov.ar/VerTextoCompleto.aspx?idFallo=131169', 'http://juba.scba.gov.ar/VerTextoCompleto.aspx?idFallo=132481', 'v.gr', 'http://juba.scba.gov.ar/VerTextoCompleto.aspx?idFallo=132606', 'http://juba.scba.gov.ar/VerTextoCompleto.aspx?idFallo=130581', 'http://juba.scba.gov.ar/VerTextoCompleto.aspx?idFallo=132663', 'http://juba.scba.gov.ar/VerTextoCompleto.aspx?idFallo=132767', 'http://juba.scba.gov.ar/VerTextoCompleto.aspx?idFallo=127728', 'http://juba.scba.gov.ar/VerTextoCompleto.aspx?idFallo=132749', 'http://juba.scba.gov.ar/VerTextoCompleto.aspx?idFallo=131032', 'http://juba.scba.gov.ar/VerTextoCompleto.aspx?idFallo=132754', 'http://juba.scba.gov.ar/VerTextoCompleto.aspx?idFallo=132737', 'http://juba.scba.gov.ar/VerTextoCompleto.aspx?idFallo=132650', 'http://juba.scba.gov.ar/VerTextoCompleto.aspx?idFallo=131163', 'http://juba.scba.gov.ar/VerTextoCompleto.aspx?idFallo=132612', 'http://juba.scba.gov.ar/VerTextoCompleto.aspx?idFallo=132689', 'http://juba.scba.gov.ar/VerTextoCompleto.aspx?idFallo=132724', 'http://juba.scba.gov.ar/VerTextoCompleto.aspx?idFallo=132459', 'http://juba.scba.gov.ar/VerTextoCompleto.aspx?idFallo=131179', 'http://juba.scba.gov.ar/VerTextoCompleto.aspx?idFallo=132405', 'http://juba.scba.gov.ar/VerTextoCompleto.aspx?idFallo=132676', 'http://juba.scba.gov.ar/VerTextoCompleto.aspx?idFallo=131176', 'http://juba.scba.gov.ar/VerTextoCompleto.aspx?idFallo=132785', 'http://juba.scba.gov.ar/VerTextoCompleto.aspx?idFallo=132472', 'http://juba.scba.gov.ar/VerTextoCompleto.aspx?idFallo=131172', 'http://juba.scba.gov.ar/VerTextoCompleto.aspx?idFallo=132473', 'http://juba.scba.gov.ar/VerTextoCompleto.aspx?idFallo=132404']"
5,"['http://juba.scba.gov.ar/VerTextoCompleto.aspx?idFallo=143081', 'http://juba.scba.gov.ar/VerTextoCompleto.aspx?idFallo=143089', 'http://juba.scba.gov.ar/VerTextoCompleto.aspx?idFallo=143241', 'http://juba.scba.gov.ar/VerTextoCompleto.aspx?idFallo=143087', 'http://juba.scba.gov.ar/VerTextoCompleto.aspx?idFallo=143062', 'http://juba.scba.gov.ar/VerTextoCompleto.aspx?idFallo=142939', 'http://juba.scba.gov.ar/VerTextoCompleto.aspx?idFallo=143088', 'http://juba.scba.gov.ar/VerTextoCompleto.aspx?idFallo=143061', 'http://juba.scba.gov.ar/VerTextoCompleto.aspx?idFallo=143078', 'http://juba.scba.gov.ar/VerTextoCompleto.aspx?idFallo=143074', 'http://juba.scba.gov.ar/VerTextoCompleto.aspx?idFallo=143082', 'http://juba.scba.gov.ar/VerTextoCompleto.aspx?idFallo=143080', 'http://juba.scba.gov.ar/VerTextoCompleto.aspx?idFallo=142943', 'http://juba.scba.gov.ar/VerTextoCompleto.aspx?idFallo=143086', 'http://juba.scba.gov.ar/VerTextoCompleto.aspx?idFallo=143075', 'http://juba.scba.gov.ar/VerTextoCompleto.aspx?idFallo=143083', 'http://juba.scba.gov.ar/VerTextoCompleto.aspx?idFallo=143058']"
6,"['http://juba.scba.gov.ar/VerTextoCompleto.aspx?idFallo=125502', 'http://juba.scba.gov.ar/VerTextoCompleto.aspx?idFallo=126977', 'http://juba.scba.gov.ar/VerTextoCompleto.aspx?idFallo=126730', 'http://juba.scba.gov.ar/VerTextoCompleto.aspx?idFallo=127000', 'http://juba.scba.gov.ar/VerTextoCompleto.aspx?idFallo=126819', 'http://juba.scba.gov.ar/VerTextoCompleto.aspx?idFallo=127029', 'http://juba.scba.gov.ar/VerTextoCompleto.aspx?idFallo=126989', 'http://juba.scba.gov.ar/VerTextoCompleto.aspx?idFallo=126995', 'http://juba.scba.gov.ar/VerTextoCompleto.aspx?idFallo=126997', 'http://juba.scba.gov.ar/VerTextoCompleto.aspx?idFallo=126996', 'http://juba.scba.gov.ar/VerTextoCompleto.aspx?idFallo=126752', 'http://juba.scba.gov.ar/VerTextoCompleto.aspx?idFallo=126599', 'http://juba.scba.gov.ar/VerTextoCompleto.aspx?idFallo=126936', 'http://juba.scba.gov.ar/VerTextoCompleto.aspx?idFallo=126710', 'http://juba.scba.gov.ar/VerTextoCompleto.aspx?idFallo=126990', 'http://juba.scba.gov.ar/VerTextoCompleto.aspx?idFallo=126650', 'http://juba.scba.gov.ar/VerTextoCompleto.aspx?idFallo=127001', 'http://juba.scba.gov.ar/VerTextoCompleto.aspx?idFallo=126699', 'http://juba.scba.gov.ar/VerTextoCompleto.aspx?idFallo=126648', 'v.gr']"
7,"['http://juba.scba.gov.ar/VerTextoCompleto.aspx?idFallo=172194', 'http://juba.scba.gov.ar/VerTextoCompleto.aspx?idFallo=171405', 'http://juba.scba.gov.ar/VerTextoCompleto.aspx?idFallo=172486', 'http://juba.scba.gov.ar/VerTextoCompleto.aspx?idFallo=172547', 'http://juba.scba.gov.ar/VerTextoCompleto.aspx?idFallo=172564', 'http://juba.scba.gov.ar/VerTextoCompleto.aspx?idFallo=172470', 'http://juba.scba.gov.ar/VerTextoCompleto.aspx?idFallo=172007', 'http://juba.scba.gov.ar/VerTextoCompleto.aspx?idFallo=172147']"
8,"['http://juba.scba.gov.ar/VerTextoCompleto.aspx?idFallo=169067', 'http://juba.scba.gov.ar/VerTextoCompleto.aspx?idFallo=169260', 'http://juba.scba.gov.ar/VerTextoCompleto.aspx?idFallo=169228', 'http://juba.scba.gov.ar/VerTextoCompleto.aspx?idFallo=169223', 'http://juba.scba.gov.ar/VerTextoCompleto.aspx?idFallo=169323', 'http://juba.scba.gov.ar/VerTextoCompleto.aspx?idFallo=169092']"
9,"['http://www.scba.gov.ar/falloscompl/SCBA/Inter/2015/03-18/B73370.doc', 'http://www.scba.gov.ar/falloscompl/SCBA/2015/05-20/Q71129.doc', 'http://www.scba.gov.ar/falloscompl/SCBA/Inter/2015/02-25/Q73308.doc', 'http://www.scba.gov.ar/falloscompl/SCBA/2015/05-27/A70357.doc', 'http://www.scba.gov.ar/falloscompl/SCBA/Inter/2015/04-29/B73540.doc', 'http://www.scba.gov.ar/falloscompl/SCBA/Inter/2015/04-08/B73571.doc', 'http://www.scba.gov.ar/falloscompl/SCBA/Inter/2015/04-22/A73604.doc', 'http://www.scba.gov.ar/falloscompl/SCBA/Inter/2015/02-19/B73292.doc', 'http://www.scba.gov.ar/falloscompl/SCBA/2015/05-27/B66884.doc', 'http://www.scba.gov.ar/falloscompl/SCBA/Inter/2015/03-26/A73475.doc', 'v.gr', 'http://www.scba.gov.ar/falloscompl/SCBA/Inter/2015/04-15/B73522.doc', 'http://www.scba.gov.ar/falloscompl/SCBA/2015/06-10/L104679.doc', 'http://www.scba.gov.ar/falloscompl/SCBA/Inter/2015/03-04/A73332.doc', 'http://www.scba.gov.ar/falloscompl/SCBA/2015/05-27/c118315.doc', 'http://www.scba.gov.ar/falloscompl/SCBA/Inter/2015/03-11/A73294.doc', 'http://www.scba.gov.ar/falloscompl/SCBA/Inter/2015/03-11/Q73450.doc', 'http://www.scba.gov.ar/falloscompl/SCBA/2015/06-03/B60765.doc', 'http://www.scba.gov.ar/falloscompl/SCBA/2015/06-17/L117494.doc', 'http://www.scba.gov.ar/falloscompl/SCBA/2015/06-03/L117728.doc', 'http://www.scba.gov.ar/falloscompl/SCBA/Inter/2015/04-22/B65253.doc', 'http://www.scba.gov.ar/falloscompl/SCBA/Inter/2015/03-04/Q73511.doc', 'http://www.scba.gov.ar/falloscompl/SCBA/Inter/2015/03-04/A73307.doc', 'http://www.scba.gov.ar/falloscompl/SCBA/Inter/2015/05-06/I72269.doc', 'http://www.scba.gov.ar/falloscompl/SCBA/2015/05-13/L116830.doc', 'http://www.scba.gov.ar/falloscompl/SCBA/Inter/2015/04-08/B73564.doc', 'http://www.scba.gov.ar/falloscompl/SCBA/Inter/2015/04-15/B73517.doc', 'http://www.scba.gov.ar/falloscompl/SCBA/2015/05-13/L111418.doc', 'http://www.scba.gov.ar/falloscompl/SCBA/2015/06-03/I2730.doc', 'http://www.scba.gov.ar/falloscompl/SCBA/2015/06-17/b71018.doc', 'http://www.scba.gov.ar/falloscompl/SCBA/2015/04-29/c103176.doc', 'http://www.scba.gov.ar/falloscompl/SCBA/Inter/2015/04-08/A72408.doc', 'http://www.scba.gov.ar/falloscompl/SCBA/Inter/2015/04-08/I73429.doc', 'http://www.scba.gov.ar/falloscompl/SCBA/Inter/2015/06-17/B72999.doc', 'http://www.scba.gov.ar/falloscompl/SCBA/2015/05-13/L116981.doc', 'http://www.scba.gov.ar/falloscompl/SCBA/Inter/2015/04-15/B73596.doc', 'http://www.scba.gov.ar/falloscompl/SCBA/2015/05-20/L117901.doc', 'http://www.scba.gov.ar/falloscompl/SCBA/2015/06-24/L109467.doc', 'http://www.scba.gov.ar/falloscompl/SCBA/2015/05-27/L117458.doc', 'http://www.scba.gov.ar/falloscompl/SCBA/2015/05-20/L117887.doc', 'http://www.scba.gov.ar/falloscompl/SCBA/Inter/2015/05-20/A73549.doc', 'http://www.scba.gov.ar/falloscompl/SCBA/2015/03-11/B58464.doc', 'http://www.scba.gov.ar/falloscompl/SCBA/Inter/2015/03-11/B73487.doc', 'http://www.scba.gov.ar/falloscompl/SCBA/Inter/2015/05-20/A73637.doc', 'http://www.scba.gov.ar/falloscompl/SCBA/Inter/2015/03-18/Q73462.doc', 'http://www.scba.gov.ar/falloscompl/SCBA/Inter/2015/04-15/Q73458.doc', 'Munic.de', 'http://www.scba.gov.ar/falloscompl/SCBA/2015/05-13/c117286.doc', 'http://www.scba.gov.ar/falloscompl/SCBA/Inter/2015/06-17/A73696.doc']"
10,"['http://juba.scba.gov.ar/VerTextoCompleto.aspx?idFallo=126068', 'http://juba.scba.gov.ar/VerTextoCompleto.aspx?idFallo=126265', 'http://juba.scba.gov.ar/VerTextoCompleto.aspx?idFallo=126117', 'http://juba.scba.gov.ar/VerTextoCompleto.aspx?idFallo=126199', 'v.gr', 'http://juba.scba.gov.ar/VerTextoCompleto.aspx?idFallo=126459', 'http://juba.scba.gov.ar/VerTextoCompleto.aspx?idFallo=126118', 'http://juba.scba.gov.ar/VerTextoCompleto.aspx?idFallo=126387', 'http://juba.scba.gov.ar/VerTextoCompleto.aspx?idFallo=126348', 'http://juba.scba.gov.ar/VerTextoCompleto.aspx?idFallo=126606', 'http://juba.scba.gov.ar/VerTextoCompleto.aspx?idFallo=126156', 'http://juba.scba.gov.ar/VerTextoCompleto.aspx?idFallo=126263', 'http://juba.scba.gov.ar/VerTextoCompleto.aspx?idFallo=126120', 'http://juba.scba.gov.ar/VerTextoCompleto.aspx?idFallo=126447', 'http://juba.scba.gov.ar/VerTextoCompleto.aspx?idFallo=126109', 'http://juba.scba.gov.ar/VerTextoCompleto.aspx?idFallo=125620', 'http://juba.scba.gov.ar/VerTextoCompleto.aspx?idFallo=126037', 'http://juba.scba.gov.ar/VerTextoCompleto.aspx?idFallo=126142', 'http://juba.scba.gov.ar/VerTextoCompleto.aspx?idFallo=126080', 'http://juba.scba.gov.ar/VerTextoCompleto.aspx?idFallo=126454', 'http://juba.scba.gov.ar/VerTextoCompleto.aspx?idFallo=126649', 'http://juba.scba.gov.ar/VerTextoCompleto.aspx?idFallo=126264', 'http://juba.scba.gov.ar/VerTextoCompleto.aspx?idFallo=126608', 'http://juba.scba.gov.ar/VerTextoCompleto.aspx?idFallo=126345', 'http://juba.scba.gov.ar/VerTextoCompleto.aspx?idFallo=126311', 'http://juba.scba.gov.ar/VerTextoCompleto.aspx?idFallo=126232', 'http://juba.scba.gov.ar/VerTextoCompleto.aspx?idFallo=126338', 'http://juba.scba.gov.ar/VerTextoCompleto.aspx?idFallo=126065', 'http://juba.scba.gov.ar/VerTextoCompleto.aspx?idFallo=125857', 'http://juba.scba.gov.ar/VerTextoCompleto.aspx?idFallo=126078', 'http://juba.scba.gov.ar/VerTextoCompleto.aspx?idFallo=126168', 'http://juba.scba.gov.ar/VerTextoCompleto.aspx?idFallo=126076', 'http://juba.scba.gov.ar/VerTextoCompleto.aspx?idFallo=126349', 'http://juba.scba.gov.ar/VerTextoCompleto.aspx?idFallo=126112', 'http://juba.scba.gov.ar/VerTextoCompleto.aspx?idFallo=126605', 'http://juba.scba.gov.ar/VerTextoCompleto.aspx?idFallo=126456', 'http://juba.scba.gov.ar/VerTextoCompleto.aspx?idFallo=126262', 'http://juba.scba.gov.ar/VerTextoCompleto.aspx?idFallo=125922', 'http://juba.scba.gov.ar/VerTextoCompleto.aspx?idFallo=125920', 'http://juba.scba.gov.ar/VerTextoCompleto.aspx?idFallo=126054', 'http://juba.scba.gov.ar/VerTextoCompleto.aspx?idFallo=125966', 'http://juba.scba.gov.ar/VerTextoCompleto.aspx?idFallo=126115', 'http://juba.scba.gov.ar/VerTextoCompleto.aspx?idFallo=125626', 'http://juba.scba.gov.ar/VerTextoCompleto.aspx?idFallo=126064']"
11,"['http://juba.scba.gov.ar/VerTextoCompleto.aspx?idFallo=141963', 'http://juba.scba.gov.ar/VerTextoCompleto.aspx?idFallo=142213', 'http://juba.scba.gov.ar/VerTextoCompleto.aspx?idFallo=142215', 'http://juba.scba.gov.ar/VerTextoCompleto.aspx?idFallo=142059', 'http://juba.scba.gov.ar/VerTextoCompleto.aspx?idFallo=142251', 'http://juba.scba.gov.ar/VerTextoCompleto.aspx?idFallo=142047', 'http://juba.scba.gov.ar/VerTextoCompleto.aspx?idFallo=142231', 'http://juba.scba.gov.ar/VerTextoCompleto.aspx?idFallo=142249', 'http://juba.scba.gov.ar/VerTextoCompleto.aspx?idFallo=141975', 'http://juba.scba.gov.ar/VerTextoCompleto.aspx?idFallo=142254', 'http://juba.scba.gov.ar/VerTextoCompleto.aspx?idFallo=141937', 'http://juba.scba.gov.ar/VerTextoCompleto.aspx?idFallo=141938', 'http://juba.scba.gov.ar/VerTextoCompleto.aspx?idFallo=142125', 'http://juba.scba.gov.ar/VerTextoCompleto.aspx?idFallo=141899', 'http://juba.scba.gov.ar/VerTextoCompleto.aspx?idFallo=142020', 'http://juba.scba.gov.ar/VerTextoCompleto.aspx?idFallo=142058', 'http://juba.scba.gov.ar/VerTextoCompleto.aspx?idFallo=141962', 'http://juba.scba.gov.ar/VerTextoCompleto.aspx?idFallo=142246', 'http://juba.scba.gov.ar/VerTextoCompleto.aspx?idFallo=142030', 'http://juba.scba.gov.ar/VerTextoCompleto.aspx?idFallo=142025', 'http://juba.scba.gov.ar/VerTextoCompleto.aspx?idFallo=142060', 'http://juba.scba.gov.ar/VerTextoCompleto.aspx?idFallo=142265', 'http://juba.scba.gov.ar/VerTextoCompleto.aspx?idFallo=141622', 'http://juba.scba.gov.ar/VerTextoCompleto.aspx?idFallo=142247', 'http://juba.scba.gov.ar/VerTextoCompleto.aspx?idFallo=141509', 'http://juba.scba.gov.ar/VerTextoCompleto.aspx?idFallo=141904', 'http://juba.scba.gov.ar/VerTextoCompleto.aspx?idFallo=142130', 'http://juba.scba.gov.ar/VerTextoCompleto.aspx?idFallo=142276']"
12,"['http://juba.scba.gov.ar/VerTextoCompleto.aspx?idFallo=169735', 'http://juba.scba.gov.ar/VerTextoCompleto.aspx?idFallo=170014', 'http://juba.scba.gov.ar/VerTextoCompleto.aspx?idFallo=169729', 'http://juba.scba.gov.ar/VerTextoCompleto.aspx?idFallo=170021']"
13,"['http://juba.scba.gov.ar/VerTextoCompleto.aspx?idFallo=170368', 'http://juba.scba.gov.ar/VerTextoCompleto.aspx?idFallo=166643', 'http://juba.scba.gov.ar/VerTextoCompleto.aspx?idFallo=172061', 'http://juba.scba.gov.ar/VerTextoCompleto.aspx?idFallo=170369', 'http://juba.scba.gov.ar/VerTextoCompleto.aspx?idFallo=171720', 'http://juba.scba.gov.ar/VerTextoCompleto.aspx?idFallo=171289', 'http://juba.scba.gov.ar/VerTextoCompleto.aspx?idFallo=171921', 'Bs.As']"
14,"['http://juba.scba.gov.ar/VerTextoCompleto.aspx?idFallo=141210', 'http://juba.scba.gov.ar/VerTextoCompleto.aspx?idFallo=141130', 'http://juba.scba.gov.ar/VerTextoCompleto.aspx?idFallo=141326', 'http://juba.scba.gov.ar/VerTextoCompleto.aspx?idFallo=141168', 'v.gr', 'http://juba.scba.gov.ar/VerTextoCompleto.aspx?idFallo=141100', 'http://juba.scba.gov.ar/VerTextoCompleto.aspx?idFallo=141218', 'http://juba.scba.gov.ar/VerTextoCompleto.aspx?idFallo=141122', 'http://juba.scba.gov.ar/VerTextoCompleto.aspx?idFallo=141341', 'http://juba.scba.gov.ar/VerTextoCompleto.aspx?idFallo=136107', 'http://juba.scba.gov.ar/VerTextoCompleto.aspx?idFallo=141291', 'http://juba.scba.gov.ar/VerTextoCompleto.aspx?idFallo=140642', 'http://juba.scba.gov.ar/VerTextoCompleto.aspx?idFallo=140254', 'http://juba.scba.gov.ar/VerTextoCompleto.aspx?idFallo=141272', 'http://juba.scba.gov.ar/VerTextoCompleto.aspx?idFallo=141167', 'http://juba.scba.gov.ar/VerTextoCompleto.aspx?idFallo=141323', 'http://juba.scba.gov.ar/VerTextoCompleto.aspx?idFallo=141376', 'http://juba.scba.gov.ar/VerTextoCompleto.aspx?idFallo=141431', 'http://juba.scba.gov.ar/VerTextoCompleto.aspx?idFallo=141129', 'http://juba.scba.gov.ar/VerTextoCompleto.aspx?idFallo=141271', 'http://juba.scba.gov.ar/VerTextoCompleto.aspx?idFallo=140505', 'http://juba.scba.gov.ar/VerTextoCompleto.aspx?idFallo=141361', 'http://juba.scba.gov.ar/VerTextoCompleto.aspx?idFallo=141232', 'http://juba.scba.gov.ar/VerTextoCompleto.aspx?idFallo=141329', 'http://juba.scba.gov.ar/VerTextoCompleto.aspx?idFallo=140129', 'http://juba.scba.gov.ar/VerTextoCompleto.aspx?idFallo=141274', 'http://juba.scba.gov.ar/VerTextoCompleto.aspx?idFallo=141351', 'http://juba.scba.gov.ar/VerTextoCompleto.aspx?idFallo=141319', 'http://juba.scba.gov.ar/VerTextoCompleto.aspx?idFallo=139284', 'http://juba.scba.gov.ar/VerTextoCompleto.aspx?idFallo=141362', 'http://juba.scba.gov.ar/VerTextoCompleto.aspx?idFallo=141325']"
15,"['http://juba.scba.gov.ar/VerTextoCompleto.aspx?idFallo=143244', 'http://juba.scba.gov.ar/VerTextoCompleto.aspx?idFallo=143556', 'http://juba.scba.gov.ar/VerTextoCompleto.aspx?idFallo=143800', 'http://juba.scba.gov.ar/VerTextoCompleto.aspx?idFallo=143976', 'http://juba.scba.gov.ar/VerTextoCompleto.aspx?idFallo=143824', 'v.gr', 'http://juba.scba.gov.ar/VerTextoCompleto.aspx?idFallo=144016', 'http://juba.scba.gov.ar/VerTextoCompleto.aspx?idFallo=143973', 'http://juba.scba.gov.ar/VerTextoCompleto.aspx?idFallo=144002', 'http://juba.scba.gov.ar/VerTextoCompleto.aspx?idFallo=143772', 'http://juba.scba.gov.ar/VerTextoCompleto.aspx?idFallo=143798', 'http://juba.scba.gov.ar/VerTextoCompleto.aspx?idFallo=144024', 'http://juba.scba.gov.ar/VerTextoCompleto.aspx?idFallo=143744', 'http://juba.scba.gov.ar/VerTextoCompleto.aspx?idFallo=143486', 'http://juba.scba.gov.ar/VerTextoCompleto.aspx?idFallo=143869', 'http://juba.scba.gov.ar/VerTextoCompleto.aspx?idFallo=143797', 'http://juba.scba.gov.ar/VerTextoCompleto.aspx?idFallo=143703', 'http://juba.scba.gov.ar/VerTextoCompleto.aspx?idFallo=143689', 'http://juba.scba.gov.ar/VerTextoCompleto.aspx?idFallo=143974', 'http://juba.scba.gov.ar/VerTextoCompleto.aspx?idFallo=143477', 'http://juba.scba.gov.ar/VerTextoCompleto.aspx?idFallo=144025', 'http://juba.scba.gov.ar/VerTextoCompleto.aspx?idFallo=143479', 'http://juba.scba.gov.ar/VerTextoCompleto.aspx?idFallo=143685', 'http://juba.scba.gov.ar/VerTextoCompleto.aspx?idFallo=144022', 'http://juba.scba.gov.ar/VerTextoCompleto.aspx?idFallo=143551', 'http://juba.scba.gov.ar/VerTextoCompleto.aspx?idFallo=143985', 'http://juba.scba.gov.ar/VerTextoCompleto.aspx?idFallo=143960', 'http://juba.scba.gov.ar/VerTextoCompleto.aspx?idFallo=143930']"
16,"['http://juba.scba.gov.ar/VerTextoCompleto.aspx?idFallo=132336', 'http://juba.scba.gov.ar/VerTextoCompleto.aspx?idFallo=132236', 'http://juba.scba.gov.ar/VerTextoCompleto.aspx?idFallo=132292', 'http://juba.scba.gov.ar/VerTextoCompleto.aspx?idFallo=131164', 'http://juba.scba.gov.ar/VerTextoCompleto.aspx?idFallo=132318', 'http://juba.scba.gov.ar/VerTextoCompleto.aspx?idFallo=132327', 'http://juba.scba.gov.ar/VerTextoCompleto.aspx?idFallo=132313', 'http://juba.scba.gov.ar/VerTextoCompleto.aspx?idFallo=132291', 'v.gr', 'http://juba.scba.gov.ar/VerTextoCompleto.aspx?idFallo=131200', 'http://juba.scba.gov.ar/VerTextoCompleto.aspx?idFallo=132480', 'http://juba.scba.gov.ar/VerTextoCompleto.aspx?idFallo=131127', 'http://juba.scba.gov.ar/VerTextoCompleto.aspx?idFallo=131198', 'http://juba.scba.gov.ar/VerTextoCompleto.aspx?idFallo=131199', 'http://juba.scba.gov.ar/VerTextoCompleto.aspx?idFallo=132320', 'http://juba.scba.gov.ar/VerTextoCompleto.aspx?idFallo=132326', 'http://juba.scba.gov.ar/VerTextoCompleto.aspx?idFallo=132413', 'http://juba.scba.gov.ar/VerTextoCompleto.aspx?idFallo=131128', 'http://juba.scba.gov.ar/VerTextoCompleto.aspx?idFallo=130978', 'http://juba.scba.gov.ar/VerTextoCompleto.aspx?idFallo=132235', 'http://juba.scba.gov.ar/VerTextoCompleto.aspx?idFallo=130980', 'http://juba.scba.gov.ar/VerTextoCompleto.aspx?idFallo=132339', 'http://juba.scba.gov.ar/VerTextoCompleto.aspx?idFallo=131201', 'http://juba.scba.gov.ar/VerTextoCompleto.aspx?idFallo=132319', 'http://juba.scba.gov.ar/VerTextoCompleto.aspx?idFallo=132290']"
17,"['http://juba.scba.gov.ar/VerTextoCompleto.aspx?idFallo=161572', 'http://juba.scba.gov.ar/VerTextoCompleto.aspx?idFallo=161372', 'http://juba.scba.gov.ar/VerTextoCompleto.aspx?idFallo=162160', 'http://juba.scba.gov.ar/VerTextoCompleto.aspx?idFallo=162409', 'http://juba.scba.gov.ar/VerTextoCompleto.aspx?idFallo=162344', 'http://juba.scba.gov.ar/VerTextoCompleto.aspx?idFallo=162006', 'http://juba.scba.gov.ar/VerTextoCompleto.aspx?idFallo=162025', 'http://juba.scba.gov.ar/VerTextoCompleto.aspx?idFallo=161955']"
18,"['http://juba.scba.gov.ar/VerTextoCompleto.aspx?idFallo=163121', 'http://juba.scba.gov.ar/VerTextoCompleto.aspx?idFallo=163086', 'http://juba.scba.gov.ar/VerTextoCompleto.aspx?idFallo=163085', 'http://juba.scba.gov.ar/VerTextoCompleto.aspx?idFallo=163120', 'http://juba.scba.gov.ar/VerTextoCompleto.aspx?idFallo=163122', 'http://juba.scba.gov.ar/VerTextoCompleto.aspx?idFallo=163097']"
19,"['http://juba.scba.gov.ar/VerTextoCompleto.aspx?idFallo=161584', 'http://juba.scba.gov.ar/VerTextoCompleto.aspx?idFallo=161892', 'http://juba.scba.gov.ar/VerTextoCompleto.aspx?idFallo=161897', 'http://juba.scba.gov.ar/VerTextoCompleto.aspx?idFallo=161695', 'http://juba.scba.gov.ar/VerTextoCompleto.aspx?idFallo=161217', 'http://juba.scba.gov.ar/VerTextoCompleto.aspx?idFallo=161894']"
20,"['http://juba.scba.gov.ar/VerTextoCompleto.aspx?idFallo=175379', 'http://juba.scba.gov.ar/VerTextoCompleto.aspx?idFallo=175695', 'http://juba.scba.gov.ar/VerTextoCompleto.aspx?idFallo=175320', 'http://juba.scba.gov.ar/VerTextoCompleto.aspx?idFallo=175160', 'http://juba.scba.gov.ar/VerTextoCompleto.aspx?idFallo=175266', 'http://juba.scba.gov.ar/VerTextoCompleto.aspx?idFallo=175178', 'http://juba.scba.gov.ar/VerTextoCompleto.aspx?idFallo=175267', 'http://juba.scba.gov.ar/VerTextoCompleto.aspx?idFallo=175175', 'http://juba.scba.gov.ar/VerTextoCompleto.aspx?idFallo=175182']"
21,"['http://juba.scba.gov.ar/VerTextoCompleto.aspx?idFallo=162545', 'http://juba.scba.gov.ar/VerTextoCompleto.aspx?idFallo=163388', 'http://juba.scba.gov.ar/VerTextoCompleto.aspx?idFallo=163226', 'http://juba.scba.gov.ar/VerTextoCompleto.aspx?idFallo=163170', 'http://juba.scba.gov.ar/VerTextoCompleto.aspx?idFallo=163227', 'http://juba.scba.gov.ar/VerTextoCompleto.aspx?idFallo=163614', 'v.gr', 'http://juba.scba.gov.ar/VerTextoCompleto.aspx?idFallo=163616']"
22,"['http://juba.scba.gov.ar/VerTextoCompleto.aspx?idFallo=174830', 'http://juba.scba.gov.ar/VerTextoCompleto.aspx?idFallo=173621', 'http://juba.scba.gov.ar/VerTextoCompleto.aspx?idFallo=174710', 'http://juba.scba.gov.ar/VerTextoCompleto.aspx?idFallo=174828', 'http://juba.scba.gov.ar/VerTextoCompleto.aspx?idFallo=174654', 'http://juba.scba.gov.ar/VerTextoCompleto.aspx?idFallo=174652', 'http://juba.scba.gov.ar/VerTextoCompleto.aspx?idFallo=173499', 'http://juba.scba.gov.ar/VerTextoCompleto.aspx?idFallo=173498', 'http://juba.scba.gov.ar/VerTextoCompleto.aspx?idFallo=174747']"
23,"['http://juba.scba.gov.ar/VerTextoCompleto.aspx?idFallo=170304', 'http://juba.scba.gov.ar/VerTextoCompleto.aspx?idFallo=169325']"
24,"['http://www.scba.gov.ar/falloscompl/SCBA/2015/03-11/A70913.doc', 'http://www.scba.gov.ar/falloscompl/SCBA/2015/04-01/c117292.doc', 'http://www.scba.gov.ar/falloscompl/SCBA/2015/04-22/c117127.doc', 'http://www.scba.gov.ar/falloscompl/SCBA/2015/04-08/c118085.doc', 'http://www.scba.gov.ar/falloscompl/SCBA/2015/03-11/A71191.doc', 'http://www.scba.gov.ar/falloscompl/SCBA/2015/04-15/c110319.doc', 'http://www.scba.gov.ar/falloscompl/SCBA/2015/04-15/c107920.doc', 'http://www.scba.gov.ar/falloscompl/SCBA/2015/04-08/A71822.doc', 'v.gr', 'http://www.scba.gov.ar/falloscompl/SCBA/2015/03-04/A70946.doc', 'http://www.scba.gov.ar/falloscompl/SCBA/2015/04-08/I2582.doc', 'http://www.scba.gov.ar/falloscompl/SCBA/2015/04-01/B62439.doc', 'http://www.scba.gov.ar/falloscompl/SCBA/2015/04-08/B60833.doc', 'http://www.scba.gov.ar/falloscompl/SCBA/2015/04-01/A70094.doc', 'http://www.scba.gov.ar/falloscompl/SCBA/2015/04-08/A71916.doc', 'http://www.scba.gov.ar/falloscompl/SCBA/2015/02-25/A70575.doc', 'http://www.scba.gov.ar/falloscompl/SCBA/2015/04-08/A70444.doc', 'http://www.scba.gov.ar/falloscompl/SCBA/2015/04-01/c117760.doc', 'http://www.scba.gov.ar/falloscompl/SCBA/2015/04-08/c117079.doc', 'http://www.scba.gov.ar/falloscompl/SCBA/2015/04-01/b73014.doc', 'http://www.scba.gov.ar/falloscompl/SCBA/2015/04-15/I71680.doc', 'http://www.scba.gov.ar/falloscompl/SCBA/2015/03-11/A72473.doc', 'http://www.scba.gov.ar/falloscompl/SCBA/2015/04-08/c118220.doc', 'http://www.scba.gov.ar/falloscompl/SCBA/2015/04-08/c116630.doc', 'http://www.scba.gov.ar/falloscompl/SCBA/2015/02-25/A71888.doc', 'http://www.scba.gov.ar/falloscompl/SCBA/2015/04-01/A70781.doc', 'http://www.scba.gov.ar/falloscompl/SCBA/2015/04-08/c118128.doc', 'http://www.scba.gov.ar/falloscompl/SCBA/2015/04-01/B62817.doc', 'http://www.scba.gov.ar/falloscompl/SCBA/2015/04-08/c117750.doc', 'http://www.scba.gov.ar/falloscompl/SCBA/2015/04-08/c114251.doc', 'http://www.scba.gov.ar/falloscompl/SCBA/2015/04-08/A71887.doc']"
25,"['http://juba.scba.gov.ar/VerTextoCompleto.aspx?idFallo=139952', 'http://juba.scba.gov.ar/VerTextoCompleto.aspx?idFallo=140009', 'http://juba.scba.gov.ar/VerTextoCompleto.aspx?idFallo=139786', 'http://juba.scba.gov.ar/VerTextoCompleto.aspx?idFallo=139922', 'http://juba.scba.gov.ar/VerTextoCompleto.aspx?idFallo=140258', 'http://juba.scba.gov.ar/VerTextoCompleto.aspx?idFallo=139134', 'http://juba.scba.gov.ar/VerTextoCompleto.aspx?idFallo=140100', 'http://juba.scba.gov.ar/VerTextoCompleto.aspx?idFallo=139787', 'http://juba.scba.gov.ar/VerTextoCompleto.aspx?idFallo=140319', 'v.gr', 'http://juba.scba.gov.ar/VerTextoCompleto.aspx?idFallo=139903', 'http://juba.scba.gov.ar/VerTextoCompleto.aspx?idFallo=140318', 'http://juba.scba.gov.ar/VerTextoCompleto.aspx?idFallo=140246', 'http://juba.scba.gov.ar/VerTextoCompleto.aspx?idFallo=139746', 'http://juba.scba.gov.ar/VerTextoCompleto.aspx?idFallo=139522', 'http://juba.scba.gov.ar/VerTextoCompleto.aspx?idFallo=139521', 'http://juba.scba.gov.ar/VerTextoCompleto.aspx?idFallo=139921', 'http://juba.scba.gov.ar/VerTextoCompleto.aspx?idFallo=134061', 'http://juba.scba.gov.ar/VerTextoCompleto.aspx?idFallo=139762', 'http://juba.scba.gov.ar/VerTextoCompleto.aspx?idFallo=139764', 'http://juba.scba.gov.ar/VerTextoCompleto.aspx?idFallo=139093', 'http://juba.scba.gov.ar/VerTextoCompleto.aspx?idFallo=139744', 'http://juba.scba.gov.ar/VerTextoCompleto.aspx?idFallo=139742', 'http://juba.scba.gov.ar/VerTextoCompleto.aspx?idFallo=140167', 'http://juba.scba.gov.ar/VerTextoCompleto.aspx?idFallo=139654', 'http://juba.scba.gov.ar/VerTextoCompleto.aspx?idFallo=139741', 'http://juba.scba.gov.ar/VerTextoCompleto.aspx?idFallo=140256', 'http://juba.scba.gov.ar/VerTextoCompleto.aspx?idFallo=139518', 'http://juba.scba.gov.ar/VerTextoCompleto.aspx?idFallo=140128', 'http://juba.scba.gov.ar/VerTextoCompleto.aspx?idFallo=139920', 'http://juba.scba.gov.ar/VerTextoCompleto.aspx?idFallo=132645', 'Bs.AS', 'http://juba.scba.gov.ar/VerTextoCompleto.aspx?idFallo=140194', 'http://juba.scba.gov.ar/VerTextoCompleto.aspx?idFallo=140136']"
26,"['http://juba.scba.gov.ar/VerTextoCompleto.aspx?idFallo=139446', 'http://juba.scba.gov.ar/VerTextoCompleto.aspx?idFallo=139095', 'http://juba.scba.gov.ar/VerTextoCompleto.aspx?idFallo=139308', 'http://juba.scba.gov.ar/VerTextoCompleto.aspx?idFallo=138845', 'http://juba.scba.gov.ar/VerTextoCompleto.aspx?idFallo=139040', 'http://juba.scba.gov.ar/VerTextoCompleto.aspx?idFallo=139569', 'v.gr', 'http://juba.scba.gov.ar/VerTextoCompleto.aspx?idFallo=139125', 'http://juba.scba.gov.ar/VerTextoCompleto.aspx?idFallo=138875', 'http://juba.scba.gov.ar/VerTextoCompleto.aspx?idFallo=139544', 'http://juba.scba.gov.ar/VerTextoCompleto.aspx?idFallo=139018', 'http://juba.scba.gov.ar/VerTextoCompleto.aspx?idFallo=132826', 'http://juba.scba.gov.ar/VerTextoCompleto.aspx?idFallo=139179', 'http://juba.scba.gov.ar/VerTextoCompleto.aspx?idFallo=138907', 'http://juba.scba.gov.ar/VerTextoCompleto.aspx?idFallo=139574', 'http://juba.scba.gov.ar/VerTextoCompleto.aspx?idFallo=139180', 'http://juba.scba.gov.ar/VerTextoCompleto.aspx?idFallo=139091', 'http://juba.scba.gov.ar/VerTextoCompleto.aspx?idFallo=139320', 'http://juba.scba.gov.ar/VerTextoCompleto.aspx?idFallo=139127', 'http://juba.scba.gov.ar/VerTextoCompleto.aspx?idFallo=139333', 'http://juba.scba.gov.ar/VerTextoCompleto.aspx?idFallo=139019', 'http://juba.scba.gov.ar/VerTextoCompleto.aspx?idFallo=138857', 'http://juba.scba.gov.ar/VerTextoCompleto.aspx?idFallo=139448', 'http://juba.scba.gov.ar/VerTextoCompleto.aspx?idFallo=138860', 'http://juba.scba.gov.ar/VerTextoCompleto.aspx?idFallo=138838', 'http://juba.scba.gov.ar/VerTextoCompleto.aspx?idFallo=138936', 'http://juba.scba.gov.ar/VerTextoCompleto.aspx?idFallo=139289', 'http://juba.scba.gov.ar/VerTextoCompleto.aspx?idFallo=139651', 'http://juba.scba.gov.ar/VerTextoCompleto.aspx?idFallo=139033']"
27,"['http://juba.scba.gov.ar/VerTextoCompleto.aspx?idFallo=136382', 'http://juba.scba.gov.ar/VerTextoCompleto.aspx?idFallo=138859', 'http://juba.scba.gov.ar/VerTextoCompleto.aspx?idFallo=138901', 'http://juba.scba.gov.ar/VerTextoCompleto.aspx?idFallo=134066', 'http://juba.scba.gov.ar/VerTextoCompleto.aspx?idFallo=138776', 'http://juba.scba.gov.ar/VerTextoCompleto.aspx?idFallo=139013', 'http://juba.scba.gov.ar/VerTextoCompleto.aspx?idFallo=138768', 'v.gr', 'http://juba.scba.gov.ar/VerTextoCompleto.aspx?idFallo=138782', 'http://juba.scba.gov.ar/VerTextoCompleto.aspx?idFallo=138908', 'http://juba.scba.gov.ar/VerTextoCompleto.aspx?idFallo=136383', 'http://juba.scba.gov.ar/VerTextoCompleto.aspx?idFallo=138737', 'http://juba.scba.gov.ar/VerTextoCompleto.aspx?idFallo=138891', 'http://juba.scba.gov.ar/VerTextoCompleto.aspx?idFallo=134357', 'http://juba.scba.gov.ar/VerTextoCompleto.aspx?idFallo=138858', 'http://juba.scba.gov.ar/VerTextoCompleto.aspx?idFallo=136004', 'http://juba.scba.gov.ar/VerTextoCompleto.aspx?idFallo=136386', 'http://juba.scba.gov.ar/VerTextoCompleto.aspx?idFallo=136380', 'http://juba.scba.gov.ar/VerTextoCompleto.aspx?idFallo=136268', 'http://juba.scba.gov.ar/VerTextoCompleto.aspx?idFallo=139015', 'http://juba.scba.gov.ar/VerTextoCompleto.aspx?idFallo=136264', 'http://juba.scba.gov.ar/VerTextoCompleto.aspx?idFallo=132812', 'http://juba.scba.gov.ar/VerTextoCompleto.aspx?idFallo=138985', 'http://juba.scba.gov.ar/VerTextoCompleto.aspx?idFallo=138804', 'http://juba.scba.gov.ar/VerTextoCompleto.aspx?idFallo=138674', 'http://juba.scba.gov.ar/VerTextoCompleto.aspx?idFallo=138738', 'http://juba.scba.gov.ar/VerTextoCompleto.aspx?idFallo=138852', 'http://juba.scba.gov.ar/VerTextoCompleto.aspx?idFallo=138961', 'http://juba.scba.gov.ar/VerTextoCompleto.aspx?idFallo=134200', 'http://juba.scba.gov.ar/VerTextoCompleto.aspx?idFallo=138700', 'http://juba.scba.gov.ar/VerTextoCompleto.aspx?idFallo=136384', 'http://juba.scba.gov.ar/VerTextoCompleto.aspx?idFallo=136385']"
28,"['http://juba.scba.gov.ar/VerTextoCompleto.aspx?idFallo=143596', 'http://juba.scba.gov.ar/VerTextoCompleto.aspx?idFallo=143469', 'http://juba.scba.gov.ar/VerTextoCompleto.aspx?idFallo=143412', 'http://juba.scba.gov.ar/VerTextoCompleto.aspx?idFallo=143612', 'http://juba.scba.gov.ar/VerTextoCompleto.aspx?idFallo=143388', 'v.gr', 'http://juba.scba.gov.ar/VerTextoCompleto.aspx?idFallo=142944', 'http://juba.scba.gov.ar/VerTextoCompleto.aspx?idFallo=143427', 'http://juba.scba.gov.ar/VerTextoCompleto.aspx?idFallo=143487', 'http://juba.scba.gov.ar/VerTextoCompleto.aspx?idFallo=143616', 'http://juba.scba.gov.ar/VerTextoCompleto.aspx?idFallo=143375', 'http://juba.scba.gov.ar/VerTextoCompleto.aspx?idFallo=143475', 'http://juba.scba.gov.ar/VerTextoCompleto.aspx?idFallo=143501', 'http://juba.scba.gov.ar/VerTextoCompleto.aspx?idFallo=143242', 'http://juba.scba.gov.ar/VerTextoCompleto.aspx?idFallo=143606', 'http://juba.scba.gov.ar/VerTextoCompleto.aspx?idFallo=143239', 'http://juba.scba.gov.ar/VerTextoCompleto.aspx?idFallo=143614', 'http://juba.scba.gov.ar/VerTextoCompleto.aspx?idFallo=143492', 'http://juba.scba.gov.ar/VerTextoCompleto.aspx?idFallo=142942', 'http://juba.scba.gov.ar/VerTextoCompleto.aspx?idFallo=143376', 'http://juba.scba.gov.ar/VerTextoCompleto.aspx?idFallo=143543', 'http://juba.scba.gov.ar/VerTextoCompleto.aspx?idFallo=143590', 'http://juba.scba.gov.ar/VerTextoCompleto.aspx?idFallo=143439', 'http://juba.scba.gov.ar/VerTextoCompleto.aspx?idFallo=143455', 'http://juba.scba.gov.ar/VerTextoCompleto.aspx?idFallo=143623', 'http://juba.scba.gov.ar/VerTextoCompleto.aspx?idFallo=143625', 'http://juba.scba.gov.ar/VerTextoCompleto.aspx?idFallo=143456', 'http://juba.scba.gov.ar/VerTextoCompleto.aspx?idFallo=143411', 'http://juba.scba.gov.ar/VerTextoCompleto.aspx?idFallo=143585', 'http://juba.scba.gov.ar/VerTextoCompleto.aspx?idFallo=143419', 'http://juba.scba.gov.ar/VerTextoCompleto.aspx?idFallo=143601', 'http://juba.scba.gov.ar/VerTextoCompleto.aspx?idFallo=143604']"
29,"['http://juba.scba.gov.ar/VerTextoCompleto.aspx?idFallo=136227', 'http://juba.scba.gov.ar/VerTextoCompleto.aspx?idFallo=132357', 'http://juba.scba.gov.ar/VerTextoCompleto.aspx?idFallo=136245', 'http://juba.scba.gov.ar/VerTextoCompleto.aspx?idFallo=136077', 'http://juba.scba.gov.ar/VerTextoCompleto.aspx?idFallo=132934', 'http://juba.scba.gov.ar/VerTextoCompleto.aspx?idFallo=136286', 'http://juba.scba.gov.ar/VerTextoCompleto.aspx?idFallo=136247', 'http://juba.scba.gov.ar/VerTextoCompleto.aspx?idFallo=132609', 'http://juba.scba.gov.ar/VerTextoCompleto.aspx?idFallo=132341', 'http://juba.scba.gov.ar/VerTextoCompleto.aspx?idFallo=136438', 'http://juba.scba.gov.ar/VerTextoCompleto.aspx?idFallo=136173', 'http://juba.scba.gov.ar/VerTextoCompleto.aspx?idFallo=132329', 'http://juba.scba.gov.ar/VerTextoCompleto.aspx?idFallo=134420', 'http://juba.scba.gov.ar/VerTextoCompleto.aspx?idFallo=132846', 'http://juba.scba.gov.ar/VerTextoCompleto.aspx?idFallo=136373', 'http://juba.scba.gov.ar/VerTextoCompleto.aspx?idFallo=135756', 'http://juba.scba.gov.ar/VerTextoCompleto.aspx?idFallo=136064', 'v.gr', 'http://juba.scba.gov.ar/VerTextoCompleto.aspx?idFallo=136275', 'http://juba.scba.gov.ar/VerTextoCompleto.aspx?idFallo=136078', 'http://juba.scba.gov.ar/VerTextoCompleto.aspx?idFallo=132847', 'http://juba.scba.gov.ar/VerTextoCompleto.aspx?idFallo=132343', 'http://juba.scba.gov.ar/VerTextoCompleto.aspx?idFallo=136199', 'http://juba.scba.gov.ar/VerTextoCompleto.aspx?idFallo=132330', 'http://juba.scba.gov.ar/VerTextoCompleto.aspx?idFallo=136067', 'http://juba.scba.gov.ar/VerTextoCompleto.aspx?idFallo=135553', 'http://juba.scba.gov.ar/VerTextoCompleto.aspx?idFallo=136244', 'http://juba.scba.gov.ar/VerTextoCompleto.aspx?idFallo=136267', 'http://juba.scba.gov.ar/VerTextoCompleto.aspx?idFallo=132823', 'http://juba.scba.gov.ar/VerTextoCompleto.aspx?idFallo=134147', 'http://juba.scba.gov.ar/VerTextoCompleto.aspx?idFallo=136354', 'http://juba.scba.gov.ar/VerTextoCompleto.aspx?idFallo=132730', 'http://juba.scba.gov.ar/VerTextoCompleto.aspx?idFallo=136378', 'http://juba.scba.gov.ar/VerTextoCompleto.aspx?idFallo=136171', 'http://juba.scba.gov.ar/VerTextoCompleto.aspx?idFallo=132342', 'http://juba.scba.gov.ar/VerTextoCompleto.aspx?idFallo=136248', 'http://juba.scba.gov.ar/VerTextoCompleto.aspx?idFallo=136399', 'http://juba.scba.gov.ar/VerTextoCompleto.aspx?idFallo=132332', 'http://juba.scba.gov.ar/VerTextoCompleto.aspx?idFallo=136435', 'http://juba.scba.gov.ar/VerTextoCompleto.aspx?idFallo=136374', 'http://juba.scba.gov.ar/VerTextoCompleto.aspx?idFallo=136098', 'http://juba.scba.gov.ar/VerTextoCompleto.aspx?idFallo=136371', 'http://juba.scba.gov.ar/VerTextoCompleto.aspx?idFallo=134200']"
30,"['http://juba.scba.gov.ar/VerTextoCompleto.aspx?idFallo=168242', 'http://juba.scba.gov.ar/VerTextoCompleto.aspx?idFallo=168305', 'http://juba.scba.gov.ar/VerTextoCompleto.aspx?idFallo=168332', 'http://juba.scba.gov.ar/VerTextoCompleto.aspx?idFallo=168046', 'http://juba.scba.gov.ar/VerTextoCompleto.aspx?idFallo=163387', 'http://juba.scba.gov.ar/VerTextoCompleto.aspx?idFallo=166641', 'http://juba.scba.gov.ar/VerTextoCompleto.aspx?idFallo=168317', 'http://juba.scba.gov.ar/VerTextoCompleto.aspx?idFallo=168200', 'http://juba.scba.gov.ar/VerTextoCompleto.aspx?idFallo=163956']"
31,"['http://juba.scba.gov.ar/VerTextoCompleto.aspx?idFallo=170364', 'http://juba.scba.gov.ar/VerTextoCompleto.aspx?idFallo=173342', 'http://juba.scba.gov.ar/VerTextoCompleto.aspx?idFallo=169732', 'http://juba.scba.gov.ar/VerTextoCompleto.aspx?idFallo=172152', 'http://juba.scba.gov.ar/VerTextoCompleto.aspx?idFallo=172144']"
32,"['http://juba.scba.gov.ar/VerTextoCompleto.aspx?idFallo=140292', 'http://juba.scba.gov.ar/VerTextoCompleto.aspx?idFallo=141048', 'http://juba.scba.gov.ar/VerTextoCompleto.aspx?idFallo=140149', 'http://juba.scba.gov.ar/VerTextoCompleto.aspx?idFallo=140277', 'http://juba.scba.gov.ar/VerTextoCompleto.aspx?idFallo=140271', 'http://juba.scba.gov.ar/VerTextoCompleto.aspx?idFallo=140153', 'http://juba.scba.gov.ar/VerTextoCompleto.aspx?idFallo=140615', 'http://juba.scba.gov.ar/VerTextoCompleto.aspx?idFallo=140375', 'http://juba.scba.gov.ar/VerTextoCompleto.aspx?idFallo=140240', 'http://juba.scba.gov.ar/VerTextoCompleto.aspx?idFallo=139740', 'http://juba.scba.gov.ar/VerTextoCompleto.aspx?idFallo=140275', 'http://juba.scba.gov.ar/VerTextoCompleto.aspx?idFallo=140557', 'http://juba.scba.gov.ar/VerTextoCompleto.aspx?idFallo=140444', 'http://juba.scba.gov.ar/VerTextoCompleto.aspx?idFallo=141038', 'http://juba.scba.gov.ar/VerTextoCompleto.aspx?idFallo=140255', 'http://juba.scba.gov.ar/VerTextoCompleto.aspx?idFallo=141067', 'http://juba.scba.gov.ar/VerTextoCompleto.aspx?idFallo=141047', 'http://juba.scba.gov.ar/VerTextoCompleto.aspx?idFallo=140390', 'http://juba.scba.gov.ar/VerTextoCompleto.aspx?idFallo=140458', 'http://juba.scba.gov.ar/VerTextoCompleto.aspx?idFallo=140586', 'http://juba.scba.gov.ar/VerTextoCompleto.aspx?idFallo=140631', 'http://juba.scba.gov.ar/VerTextoCompleto.aspx?idFallo=140641', 'http://juba.scba.gov.ar/VerTextoCompleto.aspx?idFallo=140349', 'http://juba.scba.gov.ar/VerTextoCompleto.aspx?idFallo=141056', 'http://juba.scba.gov.ar/VerTextoCompleto.aspx?idFallo=141061', 'http://juba.scba.gov.ar/VerTextoCompleto.aspx?idFallo=140295', 'http://juba.scba.gov.ar/VerTextoCompleto.aspx?idFallo=141035', 'http://juba.scba.gov.ar/VerTextoCompleto.aspx?idFallo=141075', 'http://juba.scba.gov.ar/VerTextoCompleto.aspx?idFallo=140443']"
33,"['http://juba.scba.gov.ar/VerTextoCompleto.aspx?idFallo=175134', 'http://juba.scba.gov.ar/VerTextoCompleto.aspx?idFallo=175114', 'http://juba.scba.gov.ar/VerTextoCompleto.aspx?idFallo=175142', 'http://juba.scba.gov.ar/VerTextoCompleto.aspx?idFallo=175136', 'http://juba.scba.gov.ar/VerTextoCompleto.aspx?idFallo=174945', 'http://juba.scba.gov.ar/VerTextoCompleto.aspx?idFallo=174946', 'http://juba.scba.gov.ar/VerTextoCompleto.aspx?idFallo=175133']"
34,"['http://juba.scba.gov.ar/VerTextoCompleto.aspx?idFallo=169934', 'http://juba.scba.gov.ar/VerTextoCompleto.aspx?idFallo=170993', 'http://juba.scba.gov.ar/VerTextoCompleto.aspx?idFallo=171410', 'http://juba.scba.gov.ar/VerTextoCompleto.aspx?idFallo=172087', 'http://juba.scba.gov.ar/VerTextoCompleto.aspx?idFallo=172144', 'http://juba.scba.gov.ar/VerTextoCompleto.aspx?idFallo=172147']"
35,"['http://juba.scba.gov.ar/VerTextoCompleto.aspx?idFallo=131058', 'http://juba.scba.gov.ar/VerTextoCompleto.aspx?idFallo=131072', 'http://juba.scba.gov.ar/VerTextoCompleto.aspx?idFallo=130972', 'http://juba.scba.gov.ar/VerTextoCompleto.aspx?idFallo=131029', 'http://juba.scba.gov.ar/VerTextoCompleto.aspx?idFallo=131069', 'http://juba.scba.gov.ar/VerTextoCompleto.aspx?idFallo=130981', 'http://juba.scba.gov.ar/VerTextoCompleto.aspx?idFallo=130977', 'http://juba.scba.gov.ar/VerTextoCompleto.aspx?idFallo=131130', 'http://juba.scba.gov.ar/VerTextoCompleto.aspx?idFallo=131047', 'http://juba.scba.gov.ar/VerTextoCompleto.aspx?idFallo=130975', 'http://juba.scba.gov.ar/VerTextoCompleto.aspx?idFallo=130569', 'http://juba.scba.gov.ar/VerTextoCompleto.aspx?idFallo=130964', 'http://juba.scba.gov.ar/VerTextoCompleto.aspx?idFallo=130976', 'http://juba.scba.gov.ar/VerTextoCompleto.aspx?idFallo=131158', 'http://juba.scba.gov.ar/VerTextoCompleto.aspx?idFallo=130997', 'http://juba.scba.gov.ar/VerTextoCompleto.aspx?idFallo=131030', 'http://juba.scba.gov.ar/VerTextoCompleto.aspx?idFallo=131114', 'http://juba.scba.gov.ar/VerTextoCompleto.aspx?idFallo=131070', 'http://juba.scba.gov.ar/VerTextoCompleto.aspx?idFallo=131157', 'http://juba.scba.gov.ar/VerTextoCompleto.aspx?idFallo=130946', 'http://juba.scba.gov.ar/VerTextoCompleto.aspx?idFallo=130570']"
36,"['http://www.scba.gov.ar/falloscompl/SCBA/2015/02-25/I2979.doc', 'http://www.scba.gov.ar/falloscompl/SCBA/2015/02-19/L117223.doc', 'http://www.scba.gov.ar/falloscompl/SCBA/2014/10-08/B61894.doc', 'http://www.scba.gov.ar/falloscompl/SCBA/2015/02-11/L117016.doc', 'http://www.scba.gov.ar/falloscompl/SCBA/2014/12-29/c119274.doc', 'http://www.scba.gov.ar/falloscompl/SCBA/2015/03-11/A71933.doc', 'http://www.scba.gov.ar/falloscompl/SCBA/2014/12-17/A71201.doc', 'v.gr', 'http://www.scba.gov.ar/falloscompl/SCBA/2014/12-23/L116477.doc', 'http://www.scba.gov.ar/falloscompl/SCBA/2015/03-04/c108089.doc', 'http://www.scba.gov.ar/falloscompl/SCBA/2015/02-25/B65355.doc', 'http://www.scba.gov.ar/falloscompl/SCBA/2015/02-25/B64077.doc', 'http://www.scba.gov.ar/falloscompl/SCBA/2015/03-26/B63264.doc', 'http://www.scba.gov.ar/falloscompl/SCBA/2015/02-25/A71351.doc', 'http://www.scba.gov.ar/falloscompl/SCBA/2015/02-25/A70822.doc', 'http://www.scba.gov.ar/falloscompl/SCBA/2014/12-10/B57974.doc', 'http://www.scba.gov.ar/falloscompl/SCBA/2015/03-11/A71738.doc', 'http://www.scba.gov.ar/falloscompl/SCBA/2015/03-04/B59289.doc', 'http://www.scba.gov.ar/falloscompl/SCBA/2014/12-17/B62675.doc', 'http://www.scba.gov.ar/falloscompl/SCBA/2015/02-25/A71222.doc', 'http://www.scba.gov.ar/falloscompl/SCBA/2014/12-03/L118131.doc', 'http://www.scba.gov.ar/falloscompl/SCBA/2015/02-11/L114401.doc', 'http://www.scba.gov.ar/falloscompl/SCBA/2015/03-04/c117550.doc', 'http://www.scba.gov.ar/falloscompl/SCBA/2015/02-19/L107420.doc', 'http://www.scba.gov.ar/falloscompl/SCBA/2014/12-23/c117566.doc', 'http://www.scba.gov.ar/falloscompl/SCBA/2014/12-10/A71831.doc', 'http://www.scba.gov.ar/falloscompl/SCBA/2014/12-23/L111521.doc', 'http://www.scba.gov.ar/falloscompl/SCBA/2015/03-11/B66532.doc', 'http://www.scba.gov.ar/falloscompl/SCBA/2014/12-03/A72137.doc', 'http://www.scba.gov.ar/falloscompl/SCBA/2015/02-25/A71395.doc', 'http://www.scba.gov.ar/falloscompl/SCBA/2014/12-03/A71303.doc', 'http://www.scba.gov.ar/falloscompl/SCBA/2015/02-25/A71304.doc', 'http://www.scba.gov.ar/falloscompl/SCBA/2015/02-25/A70112.doc', 'http://www.scba.gov.ar/falloscompl/SCBA/2014/12-17/B66922.doc', 'http://www.scba.gov.ar/falloscompl/SCBA/2015/03-26/I68323.doc', 'http://www.scba.gov.ar/falloscompl/SCBA/2015/02-19/A72417.doc', 'http://www.scba.gov.ar/falloscompl/SCBA/2015/03-04/L117025.doc', 'http://www.scba.gov.ar/falloscompl/SCBA/2015/03-04/L117338.doc', 'http://www.scba.gov.ar/falloscompl/SCBA/2015/03-04/L117841.doc']"
37,"['http://juba.scba.gov.ar/VerTextoCompleto.aspx?idFallo=176983', 'http://juba.scba.gov.ar/VerTextoCompleto.aspx?idFallo=176980', 'http://juba.scba.gov.ar/VerTextoCompleto.aspx?idFallo=175813', 'http://juba.scba.gov.ar/VerTextoCompleto.aspx?idFallo=175710', 'http://juba.scba.gov.ar/VerTextoCompleto.aspx?idFallo=176989', 'http://juba.scba.gov.ar/VerTextoCompleto.aspx?idFallo=175816', 'http://juba.scba.gov.ar/VerTextoCompleto.aspx?idFallo=175967', 'http://juba.scba.gov.ar/VerTextoCompleto.aspx?idFallo=177136', 'http://juba.scba.gov.ar/VerTextoCompleto.aspx?idFallo=174945', 'http://juba.scba.gov.ar/VerTextoCompleto.aspx?idFallo=177179', 'http://juba.scba.gov.ar/VerTextoCompleto.aspx?idFallo=177130', 'http://juba.scba.gov.ar/VerTextoCompleto.aspx?idFallo=175928', 'http://juba.scba.gov.ar/VerTextoCompleto.aspx?idFallo=177178', 'http://juba.scba.gov.ar/VerTextoCompleto.aspx?idFallo=176992']"
38,"['http://juba.scba.gov.ar/VerTextoCompleto.aspx?idFallo=163000', 'http://juba.scba.gov.ar/VerTextoCompleto.aspx?idFallo=162208', 'http://juba.scba.gov.ar/VerTextoCompleto.aspx?idFallo=162553', 'http://juba.scba.gov.ar/VerTextoCompleto.aspx?idFallo=162546', 'http://juba.scba.gov.ar/VerTextoCompleto.aspx?idFallo=162551', 'http://juba.scba.gov.ar/VerTextoCompleto.aspx?idFallo=162552', 'http://juba.scba.gov.ar/VerTextoCompleto.aspx?idFallo=162482', 'http://juba.scba.gov.ar/VerTextoCompleto.aspx?idFallo=162479', 'http://juba.scba.gov.ar/VerTextoCompleto.aspx?idFallo=162948', 'http://juba.scba.gov.ar/VerTextoCompleto.aspx?idFallo=162558']"
39,"['http://juba.scba.gov.ar/VerTextoCompleto.aspx?idFallo=141510', 'http://juba.scba.gov.ar/VerTextoCompleto.aspx?idFallo=141961', 'http://juba.scba.gov.ar/VerTextoCompleto.aspx?idFallo=142459', 'http://juba.scba.gov.ar/VerTextoCompleto.aspx?idFallo=142615', 'http://juba.scba.gov.ar/VerTextoCompleto.aspx?idFallo=142475', 'http://juba.scba.gov.ar/VerTextoCompleto.aspx?idFallo=142412', 'http://juba.scba.gov.ar/VerTextoCompleto.aspx?idFallo=142617', 'http://juba.scba.gov.ar/VerTextoCompleto.aspx?idFallo=142421', 'http://juba.scba.gov.ar/VerTextoCompleto.aspx?idFallo=140635', 'http://juba.scba.gov.ar/VerTextoCompleto.aspx?idFallo=142570', 'http://juba.scba.gov.ar/VerTextoCompleto.aspx?idFallo=142474', 'http://juba.scba.gov.ar/VerTextoCompleto.aspx?idFallo=142587', 'http://juba.scba.gov.ar/VerTextoCompleto.aspx?idFallo=142376', 'http://juba.scba.gov.ar/VerTextoCompleto.aspx?idFallo=142636', 'http://juba.scba.gov.ar/VerTextoCompleto.aspx?idFallo=142593', 'http://juba.scba.gov.ar/VerTextoCompleto.aspx?idFallo=142612', 'http://juba.scba.gov.ar/VerTextoCompleto.aspx?idFallo=142602', 'http://juba.scba.gov.ar/VerTextoCompleto.aspx?idFallo=142478', 'http://juba.scba.gov.ar/VerTextoCompleto.aspx?idFallo=142539', 'http://juba.scba.gov.ar/VerTextoCompleto.aspx?idFallo=142506', 'http://juba.scba.gov.ar/VerTextoCompleto.aspx?idFallo=142592', 'http://juba.scba.gov.ar/VerTextoCompleto.aspx?idFallo=142564', 'http://juba.scba.gov.ar/VerTextoCompleto.aspx?idFallo=142458', 'http://juba.scba.gov.ar/VerTextoCompleto.aspx?idFallo=142189', 'http://juba.scba.gov.ar/VerTextoCompleto.aspx?idFallo=142425', 'http://juba.scba.gov.ar/VerTextoCompleto.aspx?idFallo=141502', 'http://juba.scba.gov.ar/VerTextoCompleto.aspx?idFallo=142616', 'http://juba.scba.gov.ar/VerTextoCompleto.aspx?idFallo=142164', 'http://juba.scba.gov.ar/VerTextoCompleto.aspx?idFallo=142614', 'http://juba.scba.gov.ar/VerTextoCompleto.aspx?idFallo=142427', 'http://juba.scba.gov.ar/VerTextoCompleto.aspx?idFallo=142122', 'http://juba.scba.gov.ar/VerTextoCompleto.aspx?idFallo=142532']"
40,"['http://juba.scba.gov.ar/VerTextoCompleto.aspx?idFallo=134102', 'http://juba.scba.gov.ar/VerTextoCompleto.aspx?idFallo=134182', 'http://juba.scba.gov.ar/VerTextoCompleto.aspx?idFallo=132960', 'http://juba.scba.gov.ar/VerTextoCompleto.aspx?idFallo=134107', 'http://juba.scba.gov.ar/VerTextoCompleto.aspx?idFallo=132763', 'http://juba.scba.gov.ar/VerTextoCompleto.aspx?idFallo=133980', 'http://juba.scba.gov.ar/VerTextoCompleto.aspx?idFallo=130617', 'http://juba.scba.gov.ar/VerTextoCompleto.aspx?idFallo=130247', 'http://juba.scba.gov.ar/VerTextoCompleto.aspx?idFallo=132819', 'http://juba.scba.gov.ar/VerTextoCompleto.aspx?idFallo=132828', 'http://juba.scba.gov.ar/VerTextoCompleto.aspx?idFallo=134271', 'http://juba.scba.gov.ar/VerTextoCompleto.aspx?idFallo=134206', 'http://juba.scba.gov.ar/VerTextoCompleto.aspx?idFallo=134137', 'http://juba.scba.gov.ar/VerTextoCompleto.aspx?idFallo=132678', 'http://juba.scba.gov.ar/VerTextoCompleto.aspx?idFallo=132817', 'http://juba.scba.gov.ar/VerTextoCompleto.aspx?idFallo=132904', 'http://juba.scba.gov.ar/VerTextoCompleto.aspx?idFallo=131174', 'http://juba.scba.gov.ar/VerTextoCompleto.aspx?idFallo=134168', 'http://juba.scba.gov.ar/VerTextoCompleto.aspx?idFallo=132788', 'http://juba.scba.gov.ar/VerTextoCompleto.aspx?idFallo=133975', 'http://juba.scba.gov.ar/VerTextoCompleto.aspx?idFallo=132945', 'http://juba.scba.gov.ar/VerTextoCompleto.aspx?idFallo=132822', 'http://juba.scba.gov.ar/VerTextoCompleto.aspx?idFallo=134219', 'http://juba.scba.gov.ar/VerTextoCompleto.aspx?idFallo=134221', 'http://juba.scba.gov.ar/VerTextoCompleto.aspx?idFallo=131175', 'http://juba.scba.gov.ar/VerTextoCompleto.aspx?idFallo=134212', 'http://juba.scba.gov.ar/VerTextoCompleto.aspx?idFallo=132753', 'http://juba.scba.gov.ar/VerTextoCompleto.aspx?idFallo=132942', 'http://juba.scba.gov.ar/VerTextoCompleto.aspx?idFallo=134103', 'http://juba.scba.gov.ar/VerTextoCompleto.aspx?idFallo=134241']"
41,"['http://www.scba.gov.ar/falloscompl/SCBA/Inter/2014/10-22/B73117.doc', 'http://www.scba.gov.ar/falloscompl/SCBA/Inter/2014/12-29/B73426.doc', 'http://www.scba.gov.ar/falloscompl/SCBA/Inter/2014/11-20/B73387.doc', 'http://www.scba.gov.ar/falloscompl/SCBA/Inter/2014/11-12/B73226.doc', 'http://www.scba.gov.ar/falloscompl/SCBA/Inter/2014/10-22/A73282.doc', 'http://www.scba.gov.ar/falloscompl/SCBA/2014/12-17/A71935.doc', 'http://www.scba.gov.ar/falloscompl/SCBA/2014/12-17/A72455.doc', 'http://www.scba.gov.ar/falloscompl/SCBA/Inter/2014/12-10/Q73428.doc', 'http://www.scba.gov.ar/falloscompl/SCBA/2015/02-25/I1963.doc', 'http://www.scba.gov.ar/falloscompl/SCBA/2014/12-29/B67338.doc', 'http://www.scba.gov.ar/falloscompl/SCBA/Inter/2014/11-20/A73275.doc', 'http://www.scba.gov.ar/falloscompl/SCBA/2015/02-19/A71798.doc', 'http://www.scba.gov.ar/falloscompl/SCBA/Inter/2014/11-12/B73124.doc', 'http://www.scba.gov.ar/falloscompl/SCBA/2014/12-17/B58123.doc', 'http://www.scba.gov.ar/falloscompl/SCBA/2014/12-03/B66985.doc', 'http://www.scba.gov.ar/falloscompl/SCBA/Inter/2014/12-29/I73195.doc', 'http://www.scba.gov.ar/falloscompl/SCBA/Inter/2014/12-03/Q73427.doc', 'http://www.scba.gov.ar/falloscompl/SCBA/2014/11-12/c101549.doc', 'http://www.scba.gov.ar/falloscompl/SCBA/2014/12-17/B64502.doc', 'http://www.scba.gov.ar/falloscompl/SCBA/Inter/2014/11-05/Q73360.doc', 'http://www.scba.gov.ar/falloscompl/SCBA/Inter/2014/11-05/B73390.doc', 'http://www.scba.gov.ar/falloscompl/SCBA/Inter/2014/10-22/B73313.doc', 'http://www.scba.gov.ar/falloscompl/SCBA/Inter/2014/12-29/B73326.doc', 'http://www.scba.gov.ar/falloscompl/SCBA/Inter/2014/10-29/A73254.doc', 'http://www.scba.gov.ar/falloscompl/SCBA/Inter/2014/12-29/B73312.doc', 'http://www.scba.gov.ar/falloscompl/SCBA/Inter/2014/12-29/Q72965.doc', 'http://www.scba.gov.ar/falloscompl/SCBA/Inter/2014/11-12/Q73302.doc', 'http://www.scba.gov.ar/falloscompl/SCBA/2015/02-11/c117926.doc', 'http://www.scba.gov.ar/falloscompl/SCBA/Inter/2014/12-23/I72669.doc', 'http://www.scba.gov.ar/falloscompl/SCBA/Inter/2014/11-12/B73328.doc', 'http://www.scba.gov.ar/falloscompl/SCBA/Inter/2014/11-20/B73388.doc', 'http://www.scba.gov.ar/falloscompl/SCBA/Inter/2015/02-11/B73525.doc', 'http://www.scba.gov.ar/falloscompl/SCBA/2014/12-10/c118272.doc', 'http://www.scba.gov.ar/falloscompl/SCBA/2015/02-19/c119134.doc', 'http://www.scba.gov.ar/falloscompl/SCBA/2014/12-23/B63942.doc', 'http://www.scba.gov.ar/falloscompl/SCBA/2014/12-17/Q70810.doc', 'http://www.scba.gov.ar/falloscompl/SCBA/2014/12-29/B61229.doc', 'http://www.scba.gov.ar/falloscompl/SCBA/Inter/2014/12-29/Q73383.doc']"
42,"['http://juba.scba.gov.ar/VerTextoCompleto.aspx?idFallo=130571', 'http://juba.scba.gov.ar/VerTextoCompleto.aspx?idFallo=130486', 'http://juba.scba.gov.ar/VerTextoCompleto.aspx?idFallo=128965', 'http://juba.scba.gov.ar/VerTextoCompleto.aspx?idFallo=130476', 'http://juba.scba.gov.ar/VerTextoCompleto.aspx?idFallo=130379', 'http://juba.scba.gov.ar/VerTextoCompleto.aspx?idFallo=127793', 'http://juba.scba.gov.ar/VerTextoCompleto.aspx?idFallo=127951', 'http://juba.scba.gov.ar/VerTextoCompleto.aspx?idFallo=127820', 'http://juba.scba.gov.ar/VerTextoCompleto.aspx?idFallo=130572', 'http://juba.scba.gov.ar/VerTextoCompleto.aspx?idFallo=127819', 'http://juba.scba.gov.ar/VerTextoCompleto.aspx?idFallo=130458', 'http://juba.scba.gov.ar/VerTextoCompleto.aspx?idFallo=130421', 'http://juba.scba.gov.ar/VerTextoCompleto.aspx?idFallo=127963', 'http://juba.scba.gov.ar/VerTextoCompleto.aspx?idFallo=130109', 'http://juba.scba.gov.ar/VerTextoCompleto.aspx?idFallo=130375', 'http://juba.scba.gov.ar/VerTextoCompleto.aspx?idFallo=126816', 'http://juba.scba.gov.ar/VerTextoCompleto.aspx?idFallo=130529', 'http://juba.scba.gov.ar/VerTextoCompleto.aspx?idFallo=129078']"
43,"['http://juba.scba.gov.ar/VerTextoCompleto.aspx?idFallo=142463', 'http://juba.scba.gov.ar/VerTextoCompleto.aspx?idFallo=142328', 'http://juba.scba.gov.ar/VerTextoCompleto.aspx?idFallo=142238', 'http://juba.scba.gov.ar/VerTextoCompleto.aspx?idFallo=142742', 'http://juba.scba.gov.ar/VerTextoCompleto.aspx?idFallo=142779', 'http://juba.scba.gov.ar/VerTextoCompleto.aspx?idFallo=142863', 'http://juba.scba.gov.ar/VerTextoCompleto.aspx?idFallo=141801', 'http://juba.scba.gov.ar/VerTextoCompleto.aspx?idFallo=142469', 'http://juba.scba.gov.ar/VerTextoCompleto.aspx?idFallo=142240', 'http://juba.scba.gov.ar/VerTextoCompleto.aspx?idFallo=142973', 'http://juba.scba.gov.ar/VerTextoCompleto.aspx?idFallo=142678', 'http://juba.scba.gov.ar/VerTextoCompleto.aspx?idFallo=142329', 'http://juba.scba.gov.ar/VerTextoCompleto.aspx?idFallo=143007', 'http://juba.scba.gov.ar/VerTextoCompleto.aspx?idFallo=142936', 'http://juba.scba.gov.ar/VerTextoCompleto.aspx?idFallo=142932', 'http://juba.scba.gov.ar/VerTextoCompleto.aspx?idFallo=142786', 'http://juba.scba.gov.ar/VerTextoCompleto.aspx?idFallo=142986', 'http://juba.scba.gov.ar/VerTextoCompleto.aspx?idFallo=142659', 'http://juba.scba.gov.ar/VerTextoCompleto.aspx?idFallo=142576', 'http://juba.scba.gov.ar/VerTextoCompleto.aspx?idFallo=142288', 'http://juba.scba.gov.ar/VerTextoCompleto.aspx?idFallo=142861', 'http://juba.scba.gov.ar/VerTextoCompleto.aspx?idFallo=142879', 'http://juba.scba.gov.ar/VerTextoCompleto.aspx?idFallo=142325', 'http://juba.scba.gov.ar/VerTextoCompleto.aspx?idFallo=142618', 'http://juba.scba.gov.ar/VerTextoCompleto.aspx?idFallo=142974', 'http://juba.scba.gov.ar/VerTextoCompleto.aspx?idFallo=142627', 'http://juba.scba.gov.ar/VerTextoCompleto.aspx?idFallo=142702', 'http://juba.scba.gov.ar/VerTextoCompleto.aspx?idFallo=142957', 'http://juba.scba.gov.ar/VerTextoCompleto.aspx?idFallo=142938', 'http://juba.scba.gov.ar/VerTextoCompleto.aspx?idFallo=142331', 'http://juba.scba.gov.ar/VerTextoCompleto.aspx?idFallo=141940', 'http://juba.scba.gov.ar/VerTextoCompleto.aspx?idFallo=142628', 'http://juba.scba.gov.ar/VerTextoCompleto.aspx?idFallo=142972', 'http://juba.scba.gov.ar/VerTextoCompleto.aspx?idFallo=141811', 'http://juba.scba.gov.ar/VerTextoCompleto.aspx?idFallo=142787', 'http://juba.scba.gov.ar/VerTextoCompleto.aspx?idFallo=143017']"
44,"['http://juba.scba.gov.ar/VerTextoCompleto.aspx?idFallo=132824', 'http://juba.scba.gov.ar/VerTextoCompleto.aspx?idFallo=135676', 'http://juba.scba.gov.ar/VerTextoCompleto.aspx?idFallo=134248', 'http://juba.scba.gov.ar/VerTextoCompleto.aspx?idFallo=134358', 'v.gr', 'http://juba.scba.gov.ar/VerTextoCompleto.aspx?idFallo=135682', 'http://juba.scba.gov.ar/VerTextoCompleto.aspx?idFallo=134413', 'http://juba.scba.gov.ar/VerTextoCompleto.aspx?idFallo=135618', 'http://juba.scba.gov.ar/VerTextoCompleto.aspx?idFallo=134363', 'http://juba.scba.gov.ar/VerTextoCompleto.aspx?idFallo=134348', 'http://juba.scba.gov.ar/VerTextoCompleto.aspx?idFallo=134063', 'http://juba.scba.gov.ar/VerTextoCompleto.aspx?idFallo=134027', 'http://juba.scba.gov.ar/VerTextoCompleto.aspx?idFallo=134359', 'http://juba.scba.gov.ar/VerTextoCompleto.aspx?idFallo=135607', 'http://juba.scba.gov.ar/VerTextoCompleto.aspx?idFallo=135679', 'http://juba.scba.gov.ar/VerTextoCompleto.aspx?idFallo=134193', 'http://juba.scba.gov.ar/VerTextoCompleto.aspx?idFallo=132815', 'http://juba.scba.gov.ar/VerTextoCompleto.aspx?idFallo=135671', 'http://juba.scba.gov.ar/VerTextoCompleto.aspx?idFallo=134417', 'http://juba.scba.gov.ar/VerTextoCompleto.aspx?idFallo=134203', 'http://juba.scba.gov.ar/VerTextoCompleto.aspx?idFallo=134381']"
45,"['http://juba.scba.gov.ar/VerTextoCompleto.aspx?idFallo=130249', 'http://juba.scba.gov.ar/VerTextoCompleto.aspx?idFallo=130687', 'http://juba.scba.gov.ar/VerTextoCompleto.aspx?idFallo=130686', 'http://juba.scba.gov.ar/VerTextoCompleto.aspx?idFallo=130525', 'http://juba.scba.gov.ar/VerTextoCompleto.aspx?idFallo=130677', 'http://juba.scba.gov.ar/VerTextoCompleto.aspx?idFallo=129100', 'http://juba.scba.gov.ar/VerTextoCompleto.aspx?idFallo=130783', 'http://juba.scba.gov.ar/VerTextoCompleto.aspx?idFallo=130824', 'http://juba.scba.gov.ar/VerTextoCompleto.aspx?idFallo=129101', 'http://juba.scba.gov.ar/VerTextoCompleto.aspx?idFallo=129092', 'http://juba.scba.gov.ar/VerTextoCompleto.aspx?idFallo=130471', 'http://juba.scba.gov.ar/VerTextoCompleto.aspx?idFallo=129118', 'http://juba.scba.gov.ar/VerTextoCompleto.aspx?idFallo=129072', 'http://juba.scba.gov.ar/VerTextoCompleto.aspx?idFallo=130678', 'http://juba.scba.gov.ar/VerTextoCompleto.aspx?idFallo=130107', 'http://juba.scba.gov.ar/VerTextoCompleto.aspx?idFallo=130676', 'http://juba.scba.gov.ar/VerTextoCompleto.aspx?idFallo=130685', 'http://juba.scba.gov.ar/VerTextoCompleto.aspx?idFallo=129088', 'http://juba.scba.gov.ar/VerTextoCompleto.aspx?idFallo=130562', 'http://juba.scba.gov.ar/VerTextoCompleto.aspx?idFallo=130607', 'http://juba.scba.gov.ar/VerTextoCompleto.aspx?idFallo=128964', 'http://juba.scba.gov.ar/VerTextoCompleto.aspx?idFallo=130488', 'http://juba.scba.gov.ar/VerTextoCompleto.aspx?idFallo=130539', 'http://juba.scba.gov.ar/VerTextoCompleto.aspx?idFallo=130645', 'http://juba.scba.gov.ar/VerTextoCompleto.aspx?idFallo=130652', 'http://juba.scba.gov.ar/VerTextoCompleto.aspx?idFallo=130822', 'http://juba.scba.gov.ar/VerTextoCompleto.aspx?idFallo=127333', 'http://juba.scba.gov.ar/VerTextoCompleto.aspx?idFallo=130779', 'http://juba.scba.gov.ar/VerTextoCompleto.aspx?idFallo=126900', 'http://juba.scba.gov.ar/VerTextoCompleto.aspx?idFallo=130632', 'http://juba.scba.gov.ar/VerTextoCompleto.aspx?idFallo=129106', 'http://juba.scba.gov.ar/VerTextoCompleto.aspx?idFallo=129117', 'http://juba.scba.gov.ar/VerTextoCompleto.aspx?idFallo=130530', 'http://juba.scba.gov.ar/VerTextoCompleto.aspx?idFallo=129080', 'http://juba.scba.gov.ar/VerTextoCompleto.aspx?idFallo=129067', 'http://juba.scba.gov.ar/VerTextoCompleto.aspx?idFallo=130613', 'http://juba.scba.gov.ar/VerTextoCompleto.aspx?idFallo=129087', 'http://juba.scba.gov.ar/VerTextoCompleto.aspx?idFallo=129069', 'http://juba.scba.gov.ar/VerTextoCompleto.aspx?idFallo=129103']"
46,"['http://juba.scba.gov.ar/VerTextoCompleto.aspx?idFallo=160547', 'http://juba.scba.gov.ar/VerTextoCompleto.aspx?idFallo=146011', 'http://juba.scba.gov.ar/VerTextoCompleto.aspx?idFallo=145552', 'http://juba.scba.gov.ar/VerTextoCompleto.aspx?idFallo=145176', 'v.gr', 'sent.de', 'http://juba.scba.gov.ar/VerTextoCompleto.aspx?idFallo=160843', 'http://juba.scba.gov.ar/VerTextoCompleto.aspx?idFallo=159524', 'http://juba.scba.gov.ar/VerTextoCompleto.aspx?idFallo=160525', 'http://juba.scba.gov.ar/VerTextoCompleto.aspx?idFallo=145166', 'http://juba.scba.gov.ar/VerTextoCompleto.aspx?idFallo=161480', 'http://juba.scba.gov.ar/VerTextoCompleto.aspx?idFallo=159954', 'http://juba.scba.gov.ar/VerTextoCompleto.aspx?idFallo=143552', 'http://juba.scba.gov.ar/VerTextoCompleto.aspx?idFallo=145170', 'http://juba.scba.gov.ar/VerTextoCompleto.aspx?idFallo=143550', 'http://juba.scba.gov.ar/VerTextoCompleto.aspx?idFallo=146081', 'http://juba.scba.gov.ar/VerTextoCompleto.aspx?idFallo=159638', 'http://juba.scba.gov.ar/VerTextoCompleto.aspx?idFallo=145171', 'http://juba.scba.gov.ar/VerTextoCompleto.aspx?idFallo=145167', 'http://juba.scba.gov.ar/VerTextoCompleto.aspx?idFallo=145174', 'http://juba.scba.gov.ar/VerTextoCompleto.aspx?idFallo=161213', 'http://juba.scba.gov.ar/VerTextoCompleto.aspx?idFallo=161449', 'http://juba.scba.gov.ar/VerTextoCompleto.aspx?idFallo=145478', 'http://juba.scba.gov.ar/VerTextoCompleto.aspx?idFallo=143553', 'http://juba.scba.gov.ar/VerTextoCompleto.aspx?idFallo=146009', 'http://juba.scba.gov.ar/VerTextoCompleto.aspx?idFallo=146107', 'http://juba.scba.gov.ar/VerTextoCompleto.aspx?idFallo=159782', 'http://juba.scba.gov.ar/VerTextoCompleto.aspx?idFallo=161324', 'http://juba.scba.gov.ar/VerTextoCompleto.aspx?idFallo=159525', 'http://juba.scba.gov.ar/VerTextoCompleto.aspx?idFallo=161065', 'http://juba.scba.gov.ar/VerTextoCompleto.aspx?idFallo=159531', 'prueba.Su', 'http://juba.scba.gov.ar/VerTextoCompleto.aspx?idFallo=145151', 'http://juba.scba.gov.ar/VerTextoCompleto.aspx?idFallo=161060']"
47,"['http://juba.scba.gov.ar/VerTextoCompleto.aspx?idFallo=127147', 'http://juba.scba.gov.ar/VerTextoCompleto.aspx?idFallo=127461', 'http://juba.scba.gov.ar/VerTextoCompleto.aspx?idFallo=127114', 'http://juba.scba.gov.ar/VerTextoCompleto.aspx?idFallo=127154', 'http://juba.scba.gov.ar/VerTextoCompleto.aspx?idFallo=127326', 'v.gr', 'http://juba.scba.gov.ar/VerTextoCompleto.aspx?idFallo=127115', 'http://juba.scba.gov.ar/VerTextoCompleto.aspx?idFallo=127076', 'http://juba.scba.gov.ar/VerTextoCompleto.aspx?idFallo=125929', 'http://juba.scba.gov.ar/VerTextoCompleto.aspx?idFallo=127469', 'http://juba.scba.gov.ar/VerTextoCompleto.aspx?idFallo=127082', 'http://juba.scba.gov.ar/VerTextoCompleto.aspx?idFallo=127494', 'http://juba.scba.gov.ar/VerTextoCompleto.aspx?idFallo=127084', 'http://juba.scba.gov.ar/VerTextoCompleto.aspx?idFallo=127328', 'http://juba.scba.gov.ar/VerTextoCompleto.aspx?idFallo=127335', 'http://juba.scba.gov.ar/VerTextoCompleto.aspx?idFallo=127474', 'http://juba.scba.gov.ar/VerTextoCompleto.aspx?idFallo=127220', 'http://juba.scba.gov.ar/VerTextoCompleto.aspx?idFallo=126873', 'http://juba.scba.gov.ar/VerTextoCompleto.aspx?idFallo=127287', 'http://juba.scba.gov.ar/VerTextoCompleto.aspx?idFallo=127305', 'http://juba.scba.gov.ar/VerTextoCompleto.aspx?idFallo=127361', 'http://juba.scba.gov.ar/VerTextoCompleto.aspx?idFallo=127079', 'http://juba.scba.gov.ar/VerTextoCompleto.aspx?idFallo=127185', 'http://juba.scba.gov.ar/VerTextoCompleto.aspx?idFallo=127509', 'http://juba.scba.gov.ar/VerTextoCompleto.aspx?idFallo=127118', 'http://juba.scba.gov.ar/VerTextoCompleto.aspx?idFallo=127068', 'http://juba.scba.gov.ar/VerTextoCompleto.aspx?idFallo=126894', 'http://juba.scba.gov.ar/VerTextoCompleto.aspx?idFallo=127332', 'http://juba.scba.gov.ar/VerTextoCompleto.aspx?idFallo=127216', 'http://juba.scba.gov.ar/VerTextoCompleto.aspx?idFallo=127510', 'http://juba.scba.gov.ar/VerTextoCompleto.aspx?idFallo=127511', 'http://juba.scba.gov.ar/VerTextoCompleto.aspx?idFallo=126876']"
48,"['http://juba.scba.gov.ar/VerTextoCompleto.aspx?idFallo=168973', 'http://juba.scba.gov.ar/VerTextoCompleto.aspx?idFallo=163792', 'http://juba.scba.gov.ar/VerTextoCompleto.aspx?idFallo=168711', 'http://juba.scba.gov.ar/VerTextoCompleto.aspx?idFallo=168977', 'http://juba.scba.gov.ar/VerTextoCompleto.aspx?idFallo=164027', 'http://juba.scba.gov.ar/VerTextoCompleto.aspx?idFallo=163791', 'http://juba.scba.gov.ar/VerTextoCompleto.aspx?idFallo=163749', 'http://juba.scba.gov.ar/VerTextoCompleto.aspx?idFallo=168599']"
49,"['http://juba.scba.gov.ar/VerTextoCompleto.aspx?idFallo=141892', 'http://juba.scba.gov.ar/VerTextoCompleto.aspx?idFallo=141909', 'http://juba.scba.gov.ar/VerTextoCompleto.aspx?idFallo=141893', 'http://juba.scba.gov.ar/VerTextoCompleto.aspx?idFallo=140595', 'v.gr', 'http://juba.scba.gov.ar/VerTextoCompleto.aspx?idFallo=140599', 'http://juba.scba.gov.ar/VerTextoCompleto.aspx?idFallo=141862', 'http://juba.scba.gov.ar/VerTextoCompleto.aspx?idFallo=141059', 'http://juba.scba.gov.ar/VerTextoCompleto.aspx?idFallo=141580', 'http://juba.scba.gov.ar/VerTextoCompleto.aspx?idFallo=140601', 'http://juba.scba.gov.ar/VerTextoCompleto.aspx?idFallo=141908', 'http://juba.scba.gov.ar/VerTextoCompleto.aspx?idFallo=141467', 'http://juba.scba.gov.ar/VerTextoCompleto.aspx?idFallo=141860', 'http://juba.scba.gov.ar/VerTextoCompleto.aspx?idFallo=141818', 'http://juba.scba.gov.ar/VerTextoCompleto.aspx?idFallo=140518', 'http://juba.scba.gov.ar/VerTextoCompleto.aspx?idFallo=141055', 'http://juba.scba.gov.ar/VerTextoCompleto.aspx?idFallo=141823', 'http://juba.scba.gov.ar/VerTextoCompleto.aspx?idFallo=141503', 'http://juba.scba.gov.ar/VerTextoCompleto.aspx?idFallo=141911', 'http://juba.scba.gov.ar/VerTextoCompleto.aspx?idFallo=141913', 'http://juba.scba.gov.ar/VerTextoCompleto.aspx?idFallo=141551', 'http://juba.scba.gov.ar/VerTextoCompleto.aspx?idFallo=141482', 'http://juba.scba.gov.ar/VerTextoCompleto.aspx?idFallo=141292', 'http://juba.scba.gov.ar/VerTextoCompleto.aspx?idFallo=141817', 'http://juba.scba.gov.ar/VerTextoCompleto.aspx?idFallo=141890', 'http://juba.scba.gov.ar/VerTextoCompleto.aspx?idFallo=141910', 'http://juba.scba.gov.ar/VerTextoCompleto.aspx?idFallo=140513', 'http://juba.scba.gov.ar/VerTextoCompleto.aspx?idFallo=141505', 'http://juba.scba.gov.ar/VerTextoCompleto.aspx?idFallo=141507']"
