,0
0,http://juba.scba.gov.ar/VerTextoCompleto.aspx?idFallo=169324
1,http://juba.scba.gov.ar/VerTextoCompleto.aspx?idFallo=169474
2,http://juba.scba.gov.ar/VerTextoCompleto.aspx?idFallo=171311
3,http://juba.scba.gov.ar/VerTextoCompleto.aspx?idFallo=167869
4,http://juba.scba.gov.ar/VerTextoCompleto.aspx?idFallo=171475
5,http://juba.scba.gov.ar/VerTextoCompleto.aspx?idFallo=171170
6,http://juba.scba.gov.ar/VerTextoCompleto.aspx?idFallo=169734
7,http://juba.scba.gov.ar/VerTextoCompleto.aspx?idFallo=171169
8,http://juba.scba.gov.ar/VerTextoCompleto.aspx?idFallo=171329
9,http://juba.scba.gov.ar/VerTextoCompleto.aspx?idFallo=127790
10,http://juba.scba.gov.ar/VerTextoCompleto.aspx?idFallo=127485
11,http://juba.scba.gov.ar/VerTextoCompleto.aspx?idFallo=127714
12,http://juba.scba.gov.ar/VerTextoCompleto.aspx?idFallo=127731
13,http://juba.scba.gov.ar/VerTextoCompleto.aspx?idFallo=127682
14,http://juba.scba.gov.ar/VerTextoCompleto.aspx?idFallo=127716
15,http://juba.scba.gov.ar/VerTextoCompleto.aspx?idFallo=127613
16,http://juba.scba.gov.ar/VerTextoCompleto.aspx?idFallo=127780
17,http://juba.scba.gov.ar/VerTextoCompleto.aspx?idFallo=127813
18,http://juba.scba.gov.ar/VerTextoCompleto.aspx?idFallo=127729
19,http://juba.scba.gov.ar/VerTextoCompleto.aspx?idFallo=127739
20,http://juba.scba.gov.ar/VerTextoCompleto.aspx?idFallo=127804
21,http://juba.scba.gov.ar/VerTextoCompleto.aspx?idFallo=127026
22,http://juba.scba.gov.ar/VerTextoCompleto.aspx?idFallo=127814
23,http://juba.scba.gov.ar/VerTextoCompleto.aspx?idFallo=127808
24,http://juba.scba.gov.ar/VerTextoCompleto.aspx?idFallo=127789
25,http://juba.scba.gov.ar/VerTextoCompleto.aspx?idFallo=127817
26,http://juba.scba.gov.ar/VerTextoCompleto.aspx?idFallo=127028
27,http://juba.scba.gov.ar/VerTextoCompleto.aspx?idFallo=127381
28,http://juba.scba.gov.ar/VerTextoCompleto.aspx?idFallo=127805
29,http://juba.scba.gov.ar/VerTextoCompleto.aspx?idFallo=127591
30,http://juba.scba.gov.ar/VerTextoCompleto.aspx?idFallo=127201
31,http://juba.scba.gov.ar/VerTextoCompleto.aspx?idFallo=127681
32,http://juba.scba.gov.ar/VerTextoCompleto.aspx?idFallo=127493
33,http://juba.scba.gov.ar/VerTextoCompleto.aspx?idFallo=163678
34,http://juba.scba.gov.ar/VerTextoCompleto.aspx?idFallo=163914
35,http://juba.scba.gov.ar/VerTextoCompleto.aspx?idFallo=163957
36,http://juba.scba.gov.ar/VerTextoCompleto.aspx?idFallo=164042
37,http://juba.scba.gov.ar/VerTextoCompleto.aspx?idFallo=163916
38,http://juba.scba.gov.ar/VerTextoCompleto.aspx?idFallo=163385
39,http://juba.scba.gov.ar/VerTextoCompleto.aspx?idFallo=163790
40,http://juba.scba.gov.ar/VerTextoCompleto.aspx?idFallo=164061
41,http://juba.scba.gov.ar/VerTextoCompleto.aspx?idFallo=163795
42,http://juba.scba.gov.ar/VerTextoCompleto.aspx?idFallo=163113
43,http://juba.scba.gov.ar/VerTextoCompleto.aspx?idFallo=164026
44,http://juba.scba.gov.ar/VerTextoCompleto.aspx?idFallo=170783
45,http://juba.scba.gov.ar/VerTextoCompleto.aspx?idFallo=170365
46,http://juba.scba.gov.ar/VerTextoCompleto.aspx?idFallo=170369
47,http://juba.scba.gov.ar/VerTextoCompleto.aspx?idFallo=170891
48,http://juba.scba.gov.ar/VerTextoCompleto.aspx?idFallo=171114
49,http://juba.scba.gov.ar/VerTextoCompleto.aspx?idFallo=131181
50,http://juba.scba.gov.ar/VerTextoCompleto.aspx?idFallo=130583
51,http://juba.scba.gov.ar/VerTextoCompleto.aspx?idFallo=131171
52,http://juba.scba.gov.ar/VerTextoCompleto.aspx?idFallo=132465
53,http://juba.scba.gov.ar/VerTextoCompleto.aspx?idFallo=132723
54,http://juba.scba.gov.ar/VerTextoCompleto.aspx?idFallo=131169
55,http://juba.scba.gov.ar/VerTextoCompleto.aspx?idFallo=132481
56,http://juba.scba.gov.ar/VerTextoCompleto.aspx?idFallo=132606
57,http://juba.scba.gov.ar/VerTextoCompleto.aspx?idFallo=130581
58,http://juba.scba.gov.ar/VerTextoCompleto.aspx?idFallo=132663
59,http://juba.scba.gov.ar/VerTextoCompleto.aspx?idFallo=132767
60,http://juba.scba.gov.ar/VerTextoCompleto.aspx?idFallo=127728
61,http://juba.scba.gov.ar/VerTextoCompleto.aspx?idFallo=132749
62,http://juba.scba.gov.ar/VerTextoCompleto.aspx?idFallo=131032
63,http://juba.scba.gov.ar/VerTextoCompleto.aspx?idFallo=132754
64,http://juba.scba.gov.ar/VerTextoCompleto.aspx?idFallo=132737
65,http://juba.scba.gov.ar/VerTextoCompleto.aspx?idFallo=132650
66,http://juba.scba.gov.ar/VerTextoCompleto.aspx?idFallo=131163
67,http://juba.scba.gov.ar/VerTextoCompleto.aspx?idFallo=132612
68,http://juba.scba.gov.ar/VerTextoCompleto.aspx?idFallo=132689
69,http://juba.scba.gov.ar/VerTextoCompleto.aspx?idFallo=132724
70,http://juba.scba.gov.ar/VerTextoCompleto.aspx?idFallo=132459
71,http://juba.scba.gov.ar/VerTextoCompleto.aspx?idFallo=131179
72,http://juba.scba.gov.ar/VerTextoCompleto.aspx?idFallo=132405
73,http://juba.scba.gov.ar/VerTextoCompleto.aspx?idFallo=132676
74,http://juba.scba.gov.ar/VerTextoCompleto.aspx?idFallo=131176
75,http://juba.scba.gov.ar/VerTextoCompleto.aspx?idFallo=132785
76,http://juba.scba.gov.ar/VerTextoCompleto.aspx?idFallo=132472
77,http://juba.scba.gov.ar/VerTextoCompleto.aspx?idFallo=131172
78,http://juba.scba.gov.ar/VerTextoCompleto.aspx?idFallo=132473
79,http://juba.scba.gov.ar/VerTextoCompleto.aspx?idFallo=132404
80,http://juba.scba.gov.ar/VerTextoCompleto.aspx?idFallo=143081
81,http://juba.scba.gov.ar/VerTextoCompleto.aspx?idFallo=143089
82,http://juba.scba.gov.ar/VerTextoCompleto.aspx?idFallo=143241
83,http://juba.scba.gov.ar/VerTextoCompleto.aspx?idFallo=143087
84,http://juba.scba.gov.ar/VerTextoCompleto.aspx?idFallo=143062
85,http://juba.scba.gov.ar/VerTextoCompleto.aspx?idFallo=142939
86,http://juba.scba.gov.ar/VerTextoCompleto.aspx?idFallo=143088
87,http://juba.scba.gov.ar/VerTextoCompleto.aspx?idFallo=143061
88,http://juba.scba.gov.ar/VerTextoCompleto.aspx?idFallo=143078
89,http://juba.scba.gov.ar/VerTextoCompleto.aspx?idFallo=143074
90,http://juba.scba.gov.ar/VerTextoCompleto.aspx?idFallo=143082
91,http://juba.scba.gov.ar/VerTextoCompleto.aspx?idFallo=143080
92,http://juba.scba.gov.ar/VerTextoCompleto.aspx?idFallo=142943
93,http://juba.scba.gov.ar/VerTextoCompleto.aspx?idFallo=143086
94,http://juba.scba.gov.ar/VerTextoCompleto.aspx?idFallo=143075
95,http://juba.scba.gov.ar/VerTextoCompleto.aspx?idFallo=143083
96,http://juba.scba.gov.ar/VerTextoCompleto.aspx?idFallo=143058
97,http://juba.scba.gov.ar/VerTextoCompleto.aspx?idFallo=125502
98,http://juba.scba.gov.ar/VerTextoCompleto.aspx?idFallo=126977
99,http://juba.scba.gov.ar/VerTextoCompleto.aspx?idFallo=126730
100,http://juba.scba.gov.ar/VerTextoCompleto.aspx?idFallo=127000
101,http://juba.scba.gov.ar/VerTextoCompleto.aspx?idFallo=126819
102,http://juba.scba.gov.ar/VerTextoCompleto.aspx?idFallo=127029
103,http://juba.scba.gov.ar/VerTextoCompleto.aspx?idFallo=126989
104,http://juba.scba.gov.ar/VerTextoCompleto.aspx?idFallo=126995
105,http://juba.scba.gov.ar/VerTextoCompleto.aspx?idFallo=126997
106,http://juba.scba.gov.ar/VerTextoCompleto.aspx?idFallo=126996
107,http://juba.scba.gov.ar/VerTextoCompleto.aspx?idFallo=126752
108,http://juba.scba.gov.ar/VerTextoCompleto.aspx?idFallo=126599
109,http://juba.scba.gov.ar/VerTextoCompleto.aspx?idFallo=126936
110,http://juba.scba.gov.ar/VerTextoCompleto.aspx?idFallo=126710
111,http://juba.scba.gov.ar/VerTextoCompleto.aspx?idFallo=126990
112,http://juba.scba.gov.ar/VerTextoCompleto.aspx?idFallo=126650
113,http://juba.scba.gov.ar/VerTextoCompleto.aspx?idFallo=127001
114,http://juba.scba.gov.ar/VerTextoCompleto.aspx?idFallo=126699
115,http://juba.scba.gov.ar/VerTextoCompleto.aspx?idFallo=126648
116,http://juba.scba.gov.ar/VerTextoCompleto.aspx?idFallo=172194
117,http://juba.scba.gov.ar/VerTextoCompleto.aspx?idFallo=171405
118,http://juba.scba.gov.ar/VerTextoCompleto.aspx?idFallo=172486
119,http://juba.scba.gov.ar/VerTextoCompleto.aspx?idFallo=172547
120,http://juba.scba.gov.ar/VerTextoCompleto.aspx?idFallo=172564
121,http://juba.scba.gov.ar/VerTextoCompleto.aspx?idFallo=172470
122,http://juba.scba.gov.ar/VerTextoCompleto.aspx?idFallo=172007
123,http://juba.scba.gov.ar/VerTextoCompleto.aspx?idFallo=172147
124,http://juba.scba.gov.ar/VerTextoCompleto.aspx?idFallo=169067
125,http://juba.scba.gov.ar/VerTextoCompleto.aspx?idFallo=169260
126,http://juba.scba.gov.ar/VerTextoCompleto.aspx?idFallo=169228
127,http://juba.scba.gov.ar/VerTextoCompleto.aspx?idFallo=169223
128,http://juba.scba.gov.ar/VerTextoCompleto.aspx?idFallo=169323
129,http://juba.scba.gov.ar/VerTextoCompleto.aspx?idFallo=169092
130,http://www.scba.gov.ar/falloscompl/SCBA/Inter/2015/03-18/B73370.doc
131,http://www.scba.gov.ar/falloscompl/SCBA/2015/05-20/Q71129.doc
132,http://www.scba.gov.ar/falloscompl/SCBA/Inter/2015/02-25/Q73308.doc
133,http://www.scba.gov.ar/falloscompl/SCBA/2015/05-27/A70357.doc
134,http://www.scba.gov.ar/falloscompl/SCBA/Inter/2015/04-29/B73540.doc
135,http://www.scba.gov.ar/falloscompl/SCBA/Inter/2015/04-08/B73571.doc
136,http://www.scba.gov.ar/falloscompl/SCBA/Inter/2015/04-22/A73604.doc
137,http://www.scba.gov.ar/falloscompl/SCBA/Inter/2015/02-19/B73292.doc
138,http://www.scba.gov.ar/falloscompl/SCBA/2015/05-27/B66884.doc
139,http://www.scba.gov.ar/falloscompl/SCBA/Inter/2015/03-26/A73475.doc
140,http://www.scba.gov.ar/falloscompl/SCBA/Inter/2015/04-15/B73522.doc
141,http://www.scba.gov.ar/falloscompl/SCBA/2015/06-10/L104679.doc
142,http://www.scba.gov.ar/falloscompl/SCBA/Inter/2015/03-04/A73332.doc
143,http://www.scba.gov.ar/falloscompl/SCBA/2015/05-27/c118315.doc
144,http://www.scba.gov.ar/falloscompl/SCBA/Inter/2015/03-11/A73294.doc
145,http://www.scba.gov.ar/falloscompl/SCBA/Inter/2015/03-11/Q73450.doc
146,http://www.scba.gov.ar/falloscompl/SCBA/2015/06-03/B60765.doc
147,http://www.scba.gov.ar/falloscompl/SCBA/2015/06-17/L117494.doc
148,http://www.scba.gov.ar/falloscompl/SCBA/2015/06-03/L117728.doc
149,http://www.scba.gov.ar/falloscompl/SCBA/Inter/2015/04-22/B65253.doc
150,http://www.scba.gov.ar/falloscompl/SCBA/Inter/2015/03-04/Q73511.doc
151,http://www.scba.gov.ar/falloscompl/SCBA/Inter/2015/03-04/A73307.doc
152,http://www.scba.gov.ar/falloscompl/SCBA/Inter/2015/05-06/I72269.doc
153,http://www.scba.gov.ar/falloscompl/SCBA/2015/05-13/L116830.doc
154,http://www.scba.gov.ar/falloscompl/SCBA/Inter/2015/04-08/B73564.doc
155,http://www.scba.gov.ar/falloscompl/SCBA/Inter/2015/04-15/B73517.doc
156,http://www.scba.gov.ar/falloscompl/SCBA/2015/05-13/L111418.doc
157,http://www.scba.gov.ar/falloscompl/SCBA/2015/06-03/I2730.doc
158,http://www.scba.gov.ar/falloscompl/SCBA/2015/06-17/b71018.doc
159,http://www.scba.gov.ar/falloscompl/SCBA/2015/04-29/c103176.doc
160,http://www.scba.gov.ar/falloscompl/SCBA/Inter/2015/04-08/A72408.doc
161,http://www.scba.gov.ar/falloscompl/SCBA/Inter/2015/04-08/I73429.doc
162,http://www.scba.gov.ar/falloscompl/SCBA/Inter/2015/06-17/B72999.doc
163,http://www.scba.gov.ar/falloscompl/SCBA/2015/05-13/L116981.doc
164,http://www.scba.gov.ar/falloscompl/SCBA/Inter/2015/04-15/B73596.doc
165,http://www.scba.gov.ar/falloscompl/SCBA/2015/05-20/L117901.doc
166,http://www.scba.gov.ar/falloscompl/SCBA/2015/06-24/L109467.doc
167,http://www.scba.gov.ar/falloscompl/SCBA/2015/05-27/L117458.doc
168,http://www.scba.gov.ar/falloscompl/SCBA/2015/05-20/L117887.doc
169,http://www.scba.gov.ar/falloscompl/SCBA/Inter/2015/05-20/A73549.doc
170,http://www.scba.gov.ar/falloscompl/SCBA/2015/03-11/B58464.doc
171,http://www.scba.gov.ar/falloscompl/SCBA/Inter/2015/03-11/B73487.doc
172,http://www.scba.gov.ar/falloscompl/SCBA/Inter/2015/05-20/A73637.doc
173,http://www.scba.gov.ar/falloscompl/SCBA/Inter/2015/03-18/Q73462.doc
174,http://www.scba.gov.ar/falloscompl/SCBA/Inter/2015/04-15/Q73458.doc
175,http://www.scba.gov.ar/falloscompl/SCBA/2015/05-13/c117286.doc
176,http://www.scba.gov.ar/falloscompl/SCBA/Inter/2015/06-17/A73696.doc
177,http://juba.scba.gov.ar/VerTextoCompleto.aspx?idFallo=126068
178,http://juba.scba.gov.ar/VerTextoCompleto.aspx?idFallo=126265
179,http://juba.scba.gov.ar/VerTextoCompleto.aspx?idFallo=126117
180,http://juba.scba.gov.ar/VerTextoCompleto.aspx?idFallo=126199
181,http://juba.scba.gov.ar/VerTextoCompleto.aspx?idFallo=126459
182,http://juba.scba.gov.ar/VerTextoCompleto.aspx?idFallo=126118
183,http://juba.scba.gov.ar/VerTextoCompleto.aspx?idFallo=126387
184,http://juba.scba.gov.ar/VerTextoCompleto.aspx?idFallo=126348
185,http://juba.scba.gov.ar/VerTextoCompleto.aspx?idFallo=126606
186,http://juba.scba.gov.ar/VerTextoCompleto.aspx?idFallo=126156
187,http://juba.scba.gov.ar/VerTextoCompleto.aspx?idFallo=126263
188,http://juba.scba.gov.ar/VerTextoCompleto.aspx?idFallo=126120
189,http://juba.scba.gov.ar/VerTextoCompleto.aspx?idFallo=126447
190,http://juba.scba.gov.ar/VerTextoCompleto.aspx?idFallo=126109
191,http://juba.scba.gov.ar/VerTextoCompleto.aspx?idFallo=125620
192,http://juba.scba.gov.ar/VerTextoCompleto.aspx?idFallo=126037
193,http://juba.scba.gov.ar/VerTextoCompleto.aspx?idFallo=126142
194,http://juba.scba.gov.ar/VerTextoCompleto.aspx?idFallo=126080
195,http://juba.scba.gov.ar/VerTextoCompleto.aspx?idFallo=126454
196,http://juba.scba.gov.ar/VerTextoCompleto.aspx?idFallo=126649
197,http://juba.scba.gov.ar/VerTextoCompleto.aspx?idFallo=126264
198,http://juba.scba.gov.ar/VerTextoCompleto.aspx?idFallo=126608
199,http://juba.scba.gov.ar/VerTextoCompleto.aspx?idFallo=126345
200,http://juba.scba.gov.ar/VerTextoCompleto.aspx?idFallo=126311
201,http://juba.scba.gov.ar/VerTextoCompleto.aspx?idFallo=126232
202,http://juba.scba.gov.ar/VerTextoCompleto.aspx?idFallo=126338
203,http://juba.scba.gov.ar/VerTextoCompleto.aspx?idFallo=126065
204,http://juba.scba.gov.ar/VerTextoCompleto.aspx?idFallo=125857
205,http://juba.scba.gov.ar/VerTextoCompleto.aspx?idFallo=126078
206,http://juba.scba.gov.ar/VerTextoCompleto.aspx?idFallo=126168
207,http://juba.scba.gov.ar/VerTextoCompleto.aspx?idFallo=126076
208,http://juba.scba.gov.ar/VerTextoCompleto.aspx?idFallo=126349
209,http://juba.scba.gov.ar/VerTextoCompleto.aspx?idFallo=126112
210,http://juba.scba.gov.ar/VerTextoCompleto.aspx?idFallo=126605
211,http://juba.scba.gov.ar/VerTextoCompleto.aspx?idFallo=126456
212,http://juba.scba.gov.ar/VerTextoCompleto.aspx?idFallo=126262
213,http://juba.scba.gov.ar/VerTextoCompleto.aspx?idFallo=125922
214,http://juba.scba.gov.ar/VerTextoCompleto.aspx?idFallo=125920
215,http://juba.scba.gov.ar/VerTextoCompleto.aspx?idFallo=126054
216,http://juba.scba.gov.ar/VerTextoCompleto.aspx?idFallo=125966
217,http://juba.scba.gov.ar/VerTextoCompleto.aspx?idFallo=126115
218,http://juba.scba.gov.ar/VerTextoCompleto.aspx?idFallo=125626
219,http://juba.scba.gov.ar/VerTextoCompleto.aspx?idFallo=126064
220,http://juba.scba.gov.ar/VerTextoCompleto.aspx?idFallo=141963
221,http://juba.scba.gov.ar/VerTextoCompleto.aspx?idFallo=142213
222,http://juba.scba.gov.ar/VerTextoCompleto.aspx?idFallo=142215
223,http://juba.scba.gov.ar/VerTextoCompleto.aspx?idFallo=142059
224,http://juba.scba.gov.ar/VerTextoCompleto.aspx?idFallo=142251
225,http://juba.scba.gov.ar/VerTextoCompleto.aspx?idFallo=142047
226,http://juba.scba.gov.ar/VerTextoCompleto.aspx?idFallo=142231
227,http://juba.scba.gov.ar/VerTextoCompleto.aspx?idFallo=142249
228,http://juba.scba.gov.ar/VerTextoCompleto.aspx?idFallo=141975
229,http://juba.scba.gov.ar/VerTextoCompleto.aspx?idFallo=142254
230,http://juba.scba.gov.ar/VerTextoCompleto.aspx?idFallo=141937
231,http://juba.scba.gov.ar/VerTextoCompleto.aspx?idFallo=141938
232,http://juba.scba.gov.ar/VerTextoCompleto.aspx?idFallo=142125
233,http://juba.scba.gov.ar/VerTextoCompleto.aspx?idFallo=141899
234,http://juba.scba.gov.ar/VerTextoCompleto.aspx?idFallo=142020
235,http://juba.scba.gov.ar/VerTextoCompleto.aspx?idFallo=142058
236,http://juba.scba.gov.ar/VerTextoCompleto.aspx?idFallo=141962
237,http://juba.scba.gov.ar/VerTextoCompleto.aspx?idFallo=142246
238,http://juba.scba.gov.ar/VerTextoCompleto.aspx?idFallo=142030
239,http://juba.scba.gov.ar/VerTextoCompleto.aspx?idFallo=142025
240,http://juba.scba.gov.ar/VerTextoCompleto.aspx?idFallo=142060
241,http://juba.scba.gov.ar/VerTextoCompleto.aspx?idFallo=142265
242,http://juba.scba.gov.ar/VerTextoCompleto.aspx?idFallo=141622
243,http://juba.scba.gov.ar/VerTextoCompleto.aspx?idFallo=142247
244,http://juba.scba.gov.ar/VerTextoCompleto.aspx?idFallo=141509
245,http://juba.scba.gov.ar/VerTextoCompleto.aspx?idFallo=141904
246,http://juba.scba.gov.ar/VerTextoCompleto.aspx?idFallo=142130
247,http://juba.scba.gov.ar/VerTextoCompleto.aspx?idFallo=142276
248,http://juba.scba.gov.ar/VerTextoCompleto.aspx?idFallo=169735
249,http://juba.scba.gov.ar/VerTextoCompleto.aspx?idFallo=170014
250,http://juba.scba.gov.ar/VerTextoCompleto.aspx?idFallo=169729
251,http://juba.scba.gov.ar/VerTextoCompleto.aspx?idFallo=170021
252,http://juba.scba.gov.ar/VerTextoCompleto.aspx?idFallo=170368
253,http://juba.scba.gov.ar/VerTextoCompleto.aspx?idFallo=166643
254,http://juba.scba.gov.ar/VerTextoCompleto.aspx?idFallo=172061
255,http://juba.scba.gov.ar/VerTextoCompleto.aspx?idFallo=170369
256,http://juba.scba.gov.ar/VerTextoCompleto.aspx?idFallo=171720
257,http://juba.scba.gov.ar/VerTextoCompleto.aspx?idFallo=171289
258,http://juba.scba.gov.ar/VerTextoCompleto.aspx?idFallo=171921
259,http://juba.scba.gov.ar/VerTextoCompleto.aspx?idFallo=141210
260,http://juba.scba.gov.ar/VerTextoCompleto.aspx?idFallo=141130
261,http://juba.scba.gov.ar/VerTextoCompleto.aspx?idFallo=141326
262,http://juba.scba.gov.ar/VerTextoCompleto.aspx?idFallo=141168
263,http://juba.scba.gov.ar/VerTextoCompleto.aspx?idFallo=141100
264,http://juba.scba.gov.ar/VerTextoCompleto.aspx?idFallo=141218
265,http://juba.scba.gov.ar/VerTextoCompleto.aspx?idFallo=141122
266,http://juba.scba.gov.ar/VerTextoCompleto.aspx?idFallo=141341
267,http://juba.scba.gov.ar/VerTextoCompleto.aspx?idFallo=136107
268,http://juba.scba.gov.ar/VerTextoCompleto.aspx?idFallo=141291
269,http://juba.scba.gov.ar/VerTextoCompleto.aspx?idFallo=140642
270,http://juba.scba.gov.ar/VerTextoCompleto.aspx?idFallo=140254
271,http://juba.scba.gov.ar/VerTextoCompleto.aspx?idFallo=141272
272,http://juba.scba.gov.ar/VerTextoCompleto.aspx?idFallo=141167
273,http://juba.scba.gov.ar/VerTextoCompleto.aspx?idFallo=141323
274,http://juba.scba.gov.ar/VerTextoCompleto.aspx?idFallo=141376
275,http://juba.scba.gov.ar/VerTextoCompleto.aspx?idFallo=141431
276,http://juba.scba.gov.ar/VerTextoCompleto.aspx?idFallo=141129
277,http://juba.scba.gov.ar/VerTextoCompleto.aspx?idFallo=141271
278,http://juba.scba.gov.ar/VerTextoCompleto.aspx?idFallo=140505
279,http://juba.scba.gov.ar/VerTextoCompleto.aspx?idFallo=141361
280,http://juba.scba.gov.ar/VerTextoCompleto.aspx?idFallo=141232
281,http://juba.scba.gov.ar/VerTextoCompleto.aspx?idFallo=141329
282,http://juba.scba.gov.ar/VerTextoCompleto.aspx?idFallo=140129
283,http://juba.scba.gov.ar/VerTextoCompleto.aspx?idFallo=141274
284,http://juba.scba.gov.ar/VerTextoCompleto.aspx?idFallo=141351
285,http://juba.scba.gov.ar/VerTextoCompleto.aspx?idFallo=141319
286,http://juba.scba.gov.ar/VerTextoCompleto.aspx?idFallo=139284
287,http://juba.scba.gov.ar/VerTextoCompleto.aspx?idFallo=141362
288,http://juba.scba.gov.ar/VerTextoCompleto.aspx?idFallo=141325
289,http://juba.scba.gov.ar/VerTextoCompleto.aspx?idFallo=143244
290,http://juba.scba.gov.ar/VerTextoCompleto.aspx?idFallo=143556
291,http://juba.scba.gov.ar/VerTextoCompleto.aspx?idFallo=143800
292,http://juba.scba.gov.ar/VerTextoCompleto.aspx?idFallo=143976
293,http://juba.scba.gov.ar/VerTextoCompleto.aspx?idFallo=143824
294,http://juba.scba.gov.ar/VerTextoCompleto.aspx?idFallo=144016
295,http://juba.scba.gov.ar/VerTextoCompleto.aspx?idFallo=143973
296,http://juba.scba.gov.ar/VerTextoCompleto.aspx?idFallo=144002
297,http://juba.scba.gov.ar/VerTextoCompleto.aspx?idFallo=143772
298,http://juba.scba.gov.ar/VerTextoCompleto.aspx?idFallo=143798
299,http://juba.scba.gov.ar/VerTextoCompleto.aspx?idFallo=144024
300,http://juba.scba.gov.ar/VerTextoCompleto.aspx?idFallo=143744
301,http://juba.scba.gov.ar/VerTextoCompleto.aspx?idFallo=143486
302,http://juba.scba.gov.ar/VerTextoCompleto.aspx?idFallo=143869
303,http://juba.scba.gov.ar/VerTextoCompleto.aspx?idFallo=143797
304,http://juba.scba.gov.ar/VerTextoCompleto.aspx?idFallo=143703
305,http://juba.scba.gov.ar/VerTextoCompleto.aspx?idFallo=143689
306,http://juba.scba.gov.ar/VerTextoCompleto.aspx?idFallo=143974
307,http://juba.scba.gov.ar/VerTextoCompleto.aspx?idFallo=143477
308,http://juba.scba.gov.ar/VerTextoCompleto.aspx?idFallo=144025
309,http://juba.scba.gov.ar/VerTextoCompleto.aspx?idFallo=143479
310,http://juba.scba.gov.ar/VerTextoCompleto.aspx?idFallo=143685
311,http://juba.scba.gov.ar/VerTextoCompleto.aspx?idFallo=144022
312,http://juba.scba.gov.ar/VerTextoCompleto.aspx?idFallo=143551
313,http://juba.scba.gov.ar/VerTextoCompleto.aspx?idFallo=143985
314,http://juba.scba.gov.ar/VerTextoCompleto.aspx?idFallo=143960
315,http://juba.scba.gov.ar/VerTextoCompleto.aspx?idFallo=143930
316,http://juba.scba.gov.ar/VerTextoCompleto.aspx?idFallo=132336
317,http://juba.scba.gov.ar/VerTextoCompleto.aspx?idFallo=132236
318,http://juba.scba.gov.ar/VerTextoCompleto.aspx?idFallo=132292
319,http://juba.scba.gov.ar/VerTextoCompleto.aspx?idFallo=131164
320,http://juba.scba.gov.ar/VerTextoCompleto.aspx?idFallo=132318
321,http://juba.scba.gov.ar/VerTextoCompleto.aspx?idFallo=132327
322,http://juba.scba.gov.ar/VerTextoCompleto.aspx?idFallo=132313
323,http://juba.scba.gov.ar/VerTextoCompleto.aspx?idFallo=132291
324,http://juba.scba.gov.ar/VerTextoCompleto.aspx?idFallo=131200
325,http://juba.scba.gov.ar/VerTextoCompleto.aspx?idFallo=132480
326,http://juba.scba.gov.ar/VerTextoCompleto.aspx?idFallo=131127
327,http://juba.scba.gov.ar/VerTextoCompleto.aspx?idFallo=131198
328,http://juba.scba.gov.ar/VerTextoCompleto.aspx?idFallo=131199
329,http://juba.scba.gov.ar/VerTextoCompleto.aspx?idFallo=132320
330,http://juba.scba.gov.ar/VerTextoCompleto.aspx?idFallo=132326
331,http://juba.scba.gov.ar/VerTextoCompleto.aspx?idFallo=132413
332,http://juba.scba.gov.ar/VerTextoCompleto.aspx?idFallo=131128
333,http://juba.scba.gov.ar/VerTextoCompleto.aspx?idFallo=130978
334,http://juba.scba.gov.ar/VerTextoCompleto.aspx?idFallo=132235
335,http://juba.scba.gov.ar/VerTextoCompleto.aspx?idFallo=130980
336,http://juba.scba.gov.ar/VerTextoCompleto.aspx?idFallo=132339
337,http://juba.scba.gov.ar/VerTextoCompleto.aspx?idFallo=131201
338,http://juba.scba.gov.ar/VerTextoCompleto.aspx?idFallo=132319
339,http://juba.scba.gov.ar/VerTextoCompleto.aspx?idFallo=132290
340,http://juba.scba.gov.ar/VerTextoCompleto.aspx?idFallo=161572
341,http://juba.scba.gov.ar/VerTextoCompleto.aspx?idFallo=161372
342,http://juba.scba.gov.ar/VerTextoCompleto.aspx?idFallo=162160
343,http://juba.scba.gov.ar/VerTextoCompleto.aspx?idFallo=162409
344,http://juba.scba.gov.ar/VerTextoCompleto.aspx?idFallo=162344
345,http://juba.scba.gov.ar/VerTextoCompleto.aspx?idFallo=162006
346,http://juba.scba.gov.ar/VerTextoCompleto.aspx?idFallo=162025
347,http://juba.scba.gov.ar/VerTextoCompleto.aspx?idFallo=161955
348,http://juba.scba.gov.ar/VerTextoCompleto.aspx?idFallo=163121
349,http://juba.scba.gov.ar/VerTextoCompleto.aspx?idFallo=163086
350,http://juba.scba.gov.ar/VerTextoCompleto.aspx?idFallo=163085
351,http://juba.scba.gov.ar/VerTextoCompleto.aspx?idFallo=163120
352,http://juba.scba.gov.ar/VerTextoCompleto.aspx?idFallo=163122
353,http://juba.scba.gov.ar/VerTextoCompleto.aspx?idFallo=163097
354,http://juba.scba.gov.ar/VerTextoCompleto.aspx?idFallo=161584
355,http://juba.scba.gov.ar/VerTextoCompleto.aspx?idFallo=161892
356,http://juba.scba.gov.ar/VerTextoCompleto.aspx?idFallo=161897
357,http://juba.scba.gov.ar/VerTextoCompleto.aspx?idFallo=161695
358,http://juba.scba.gov.ar/VerTextoCompleto.aspx?idFallo=161217
359,http://juba.scba.gov.ar/VerTextoCompleto.aspx?idFallo=161894
360,http://juba.scba.gov.ar/VerTextoCompleto.aspx?idFallo=175379
361,http://juba.scba.gov.ar/VerTextoCompleto.aspx?idFallo=175695
362,http://juba.scba.gov.ar/VerTextoCompleto.aspx?idFallo=175320
363,http://juba.scba.gov.ar/VerTextoCompleto.aspx?idFallo=175160
364,http://juba.scba.gov.ar/VerTextoCompleto.aspx?idFallo=175266
365,http://juba.scba.gov.ar/VerTextoCompleto.aspx?idFallo=175178
366,http://juba.scba.gov.ar/VerTextoCompleto.aspx?idFallo=175267
367,http://juba.scba.gov.ar/VerTextoCompleto.aspx?idFallo=175175
368,http://juba.scba.gov.ar/VerTextoCompleto.aspx?idFallo=175182
369,http://juba.scba.gov.ar/VerTextoCompleto.aspx?idFallo=162545
370,http://juba.scba.gov.ar/VerTextoCompleto.aspx?idFallo=163388
371,http://juba.scba.gov.ar/VerTextoCompleto.aspx?idFallo=163226
372,http://juba.scba.gov.ar/VerTextoCompleto.aspx?idFallo=163170
373,http://juba.scba.gov.ar/VerTextoCompleto.aspx?idFallo=163227
374,http://juba.scba.gov.ar/VerTextoCompleto.aspx?idFallo=163614
375,http://juba.scba.gov.ar/VerTextoCompleto.aspx?idFallo=163616
376,http://juba.scba.gov.ar/VerTextoCompleto.aspx?idFallo=174830
377,http://juba.scba.gov.ar/VerTextoCompleto.aspx?idFallo=173621
378,http://juba.scba.gov.ar/VerTextoCompleto.aspx?idFallo=174710
379,http://juba.scba.gov.ar/VerTextoCompleto.aspx?idFallo=174828
380,http://juba.scba.gov.ar/VerTextoCompleto.aspx?idFallo=174654
381,http://juba.scba.gov.ar/VerTextoCompleto.aspx?idFallo=174652
382,http://juba.scba.gov.ar/VerTextoCompleto.aspx?idFallo=173499
383,http://juba.scba.gov.ar/VerTextoCompleto.aspx?idFallo=173498
384,http://juba.scba.gov.ar/VerTextoCompleto.aspx?idFallo=174747
385,http://juba.scba.gov.ar/VerTextoCompleto.aspx?idFallo=170304
386,http://juba.scba.gov.ar/VerTextoCompleto.aspx?idFallo=169325
387,http://www.scba.gov.ar/falloscompl/SCBA/2015/03-11/A70913.doc
388,http://www.scba.gov.ar/falloscompl/SCBA/2015/04-01/c117292.doc
389,http://www.scba.gov.ar/falloscompl/SCBA/2015/04-22/c117127.doc
390,http://www.scba.gov.ar/falloscompl/SCBA/2015/04-08/c118085.doc
391,http://www.scba.gov.ar/falloscompl/SCBA/2015/03-11/A71191.doc
392,http://www.scba.gov.ar/falloscompl/SCBA/2015/04-15/c110319.doc
393,http://www.scba.gov.ar/falloscompl/SCBA/2015/04-15/c107920.doc
394,http://www.scba.gov.ar/falloscompl/SCBA/2015/04-08/A71822.doc
395,http://www.scba.gov.ar/falloscompl/SCBA/2015/03-04/A70946.doc
396,http://www.scba.gov.ar/falloscompl/SCBA/2015/04-08/I2582.doc
397,http://www.scba.gov.ar/falloscompl/SCBA/2015/04-01/B62439.doc
398,http://www.scba.gov.ar/falloscompl/SCBA/2015/04-08/B60833.doc
399,http://www.scba.gov.ar/falloscompl/SCBA/2015/04-01/A70094.doc
400,http://www.scba.gov.ar/falloscompl/SCBA/2015/04-08/A71916.doc
401,http://www.scba.gov.ar/falloscompl/SCBA/2015/02-25/A70575.doc
402,http://www.scba.gov.ar/falloscompl/SCBA/2015/04-08/A70444.doc
403,http://www.scba.gov.ar/falloscompl/SCBA/2015/04-01/c117760.doc
404,http://www.scba.gov.ar/falloscompl/SCBA/2015/04-08/c117079.doc
405,http://www.scba.gov.ar/falloscompl/SCBA/2015/04-01/b73014.doc
406,http://www.scba.gov.ar/falloscompl/SCBA/2015/04-15/I71680.doc
407,http://www.scba.gov.ar/falloscompl/SCBA/2015/03-11/A72473.doc
408,http://www.scba.gov.ar/falloscompl/SCBA/2015/04-08/c118220.doc
409,http://www.scba.gov.ar/falloscompl/SCBA/2015/04-08/c116630.doc
410,http://www.scba.gov.ar/falloscompl/SCBA/2015/02-25/A71888.doc
411,http://www.scba.gov.ar/falloscompl/SCBA/2015/04-01/A70781.doc
412,http://www.scba.gov.ar/falloscompl/SCBA/2015/04-08/c118128.doc
413,http://www.scba.gov.ar/falloscompl/SCBA/2015/04-01/B62817.doc
414,http://www.scba.gov.ar/falloscompl/SCBA/2015/04-08/c117750.doc
415,http://www.scba.gov.ar/falloscompl/SCBA/2015/04-08/c114251.doc
416,http://www.scba.gov.ar/falloscompl/SCBA/2015/04-08/A71887.doc
417,http://juba.scba.gov.ar/VerTextoCompleto.aspx?idFallo=139952
418,http://juba.scba.gov.ar/VerTextoCompleto.aspx?idFallo=140009
419,http://juba.scba.gov.ar/VerTextoCompleto.aspx?idFallo=139786
420,http://juba.scba.gov.ar/VerTextoCompleto.aspx?idFallo=139922
421,http://juba.scba.gov.ar/VerTextoCompleto.aspx?idFallo=140258
422,http://juba.scba.gov.ar/VerTextoCompleto.aspx?idFallo=139134
423,http://juba.scba.gov.ar/VerTextoCompleto.aspx?idFallo=140100
424,http://juba.scba.gov.ar/VerTextoCompleto.aspx?idFallo=139787
425,http://juba.scba.gov.ar/VerTextoCompleto.aspx?idFallo=140319
426,http://juba.scba.gov.ar/VerTextoCompleto.aspx?idFallo=139903
427,http://juba.scba.gov.ar/VerTextoCompleto.aspx?idFallo=140318
428,http://juba.scba.gov.ar/VerTextoCompleto.aspx?idFallo=140246
429,http://juba.scba.gov.ar/VerTextoCompleto.aspx?idFallo=139746
430,http://juba.scba.gov.ar/VerTextoCompleto.aspx?idFallo=139522
431,http://juba.scba.gov.ar/VerTextoCompleto.aspx?idFallo=139521
432,http://juba.scba.gov.ar/VerTextoCompleto.aspx?idFallo=139921
433,http://juba.scba.gov.ar/VerTextoCompleto.aspx?idFallo=134061
434,http://juba.scba.gov.ar/VerTextoCompleto.aspx?idFallo=139762
435,http://juba.scba.gov.ar/VerTextoCompleto.aspx?idFallo=139764
436,http://juba.scba.gov.ar/VerTextoCompleto.aspx?idFallo=139093
437,http://juba.scba.gov.ar/VerTextoCompleto.aspx?idFallo=139744
438,http://juba.scba.gov.ar/VerTextoCompleto.aspx?idFallo=139742
439,http://juba.scba.gov.ar/VerTextoCompleto.aspx?idFallo=140167
440,http://juba.scba.gov.ar/VerTextoCompleto.aspx?idFallo=139654
441,http://juba.scba.gov.ar/VerTextoCompleto.aspx?idFallo=139741
442,http://juba.scba.gov.ar/VerTextoCompleto.aspx?idFallo=140256
443,http://juba.scba.gov.ar/VerTextoCompleto.aspx?idFallo=139518
444,http://juba.scba.gov.ar/VerTextoCompleto.aspx?idFallo=140128
445,http://juba.scba.gov.ar/VerTextoCompleto.aspx?idFallo=139920
446,http://juba.scba.gov.ar/VerTextoCompleto.aspx?idFallo=132645
447,http://juba.scba.gov.ar/VerTextoCompleto.aspx?idFallo=140194
448,http://juba.scba.gov.ar/VerTextoCompleto.aspx?idFallo=140136
449,http://juba.scba.gov.ar/VerTextoCompleto.aspx?idFallo=139446
450,http://juba.scba.gov.ar/VerTextoCompleto.aspx?idFallo=139095
451,http://juba.scba.gov.ar/VerTextoCompleto.aspx?idFallo=139308
452,http://juba.scba.gov.ar/VerTextoCompleto.aspx?idFallo=138845
453,http://juba.scba.gov.ar/VerTextoCompleto.aspx?idFallo=139040
454,http://juba.scba.gov.ar/VerTextoCompleto.aspx?idFallo=139569
455,http://juba.scba.gov.ar/VerTextoCompleto.aspx?idFallo=139125
456,http://juba.scba.gov.ar/VerTextoCompleto.aspx?idFallo=138875
457,http://juba.scba.gov.ar/VerTextoCompleto.aspx?idFallo=139544
458,http://juba.scba.gov.ar/VerTextoCompleto.aspx?idFallo=139018
459,http://juba.scba.gov.ar/VerTextoCompleto.aspx?idFallo=132826
460,http://juba.scba.gov.ar/VerTextoCompleto.aspx?idFallo=139179
461,http://juba.scba.gov.ar/VerTextoCompleto.aspx?idFallo=138907
462,http://juba.scba.gov.ar/VerTextoCompleto.aspx?idFallo=139574
463,http://juba.scba.gov.ar/VerTextoCompleto.aspx?idFallo=139180
464,http://juba.scba.gov.ar/VerTextoCompleto.aspx?idFallo=139091
465,http://juba.scba.gov.ar/VerTextoCompleto.aspx?idFallo=139320
466,http://juba.scba.gov.ar/VerTextoCompleto.aspx?idFallo=139127
467,http://juba.scba.gov.ar/VerTextoCompleto.aspx?idFallo=139333
468,http://juba.scba.gov.ar/VerTextoCompleto.aspx?idFallo=139019
469,http://juba.scba.gov.ar/VerTextoCompleto.aspx?idFallo=138857
470,http://juba.scba.gov.ar/VerTextoCompleto.aspx?idFallo=139448
471,http://juba.scba.gov.ar/VerTextoCompleto.aspx?idFallo=138860
472,http://juba.scba.gov.ar/VerTextoCompleto.aspx?idFallo=138838
473,http://juba.scba.gov.ar/VerTextoCompleto.aspx?idFallo=138936
474,http://juba.scba.gov.ar/VerTextoCompleto.aspx?idFallo=139289
475,http://juba.scba.gov.ar/VerTextoCompleto.aspx?idFallo=139651
476,http://juba.scba.gov.ar/VerTextoCompleto.aspx?idFallo=139033
477,http://juba.scba.gov.ar/VerTextoCompleto.aspx?idFallo=136382
478,http://juba.scba.gov.ar/VerTextoCompleto.aspx?idFallo=138859
479,http://juba.scba.gov.ar/VerTextoCompleto.aspx?idFallo=138901
480,http://juba.scba.gov.ar/VerTextoCompleto.aspx?idFallo=134066
481,http://juba.scba.gov.ar/VerTextoCompleto.aspx?idFallo=138776
482,http://juba.scba.gov.ar/VerTextoCompleto.aspx?idFallo=139013
483,http://juba.scba.gov.ar/VerTextoCompleto.aspx?idFallo=138768
484,http://juba.scba.gov.ar/VerTextoCompleto.aspx?idFallo=138782
485,http://juba.scba.gov.ar/VerTextoCompleto.aspx?idFallo=138908
486,http://juba.scba.gov.ar/VerTextoCompleto.aspx?idFallo=136383
487,http://juba.scba.gov.ar/VerTextoCompleto.aspx?idFallo=138737
488,http://juba.scba.gov.ar/VerTextoCompleto.aspx?idFallo=138891
489,http://juba.scba.gov.ar/VerTextoCompleto.aspx?idFallo=134357
490,http://juba.scba.gov.ar/VerTextoCompleto.aspx?idFallo=138858
491,http://juba.scba.gov.ar/VerTextoCompleto.aspx?idFallo=136004
492,http://juba.scba.gov.ar/VerTextoCompleto.aspx?idFallo=136386
493,http://juba.scba.gov.ar/VerTextoCompleto.aspx?idFallo=136380
494,http://juba.scba.gov.ar/VerTextoCompleto.aspx?idFallo=136268
495,http://juba.scba.gov.ar/VerTextoCompleto.aspx?idFallo=139015
496,http://juba.scba.gov.ar/VerTextoCompleto.aspx?idFallo=136264
497,http://juba.scba.gov.ar/VerTextoCompleto.aspx?idFallo=132812
498,http://juba.scba.gov.ar/VerTextoCompleto.aspx?idFallo=138985
499,http://juba.scba.gov.ar/VerTextoCompleto.aspx?idFallo=138804
500,http://juba.scba.gov.ar/VerTextoCompleto.aspx?idFallo=138674
501,http://juba.scba.gov.ar/VerTextoCompleto.aspx?idFallo=138738
502,http://juba.scba.gov.ar/VerTextoCompleto.aspx?idFallo=138852
503,http://juba.scba.gov.ar/VerTextoCompleto.aspx?idFallo=138961
504,http://juba.scba.gov.ar/VerTextoCompleto.aspx?idFallo=134200
505,http://juba.scba.gov.ar/VerTextoCompleto.aspx?idFallo=138700
506,http://juba.scba.gov.ar/VerTextoCompleto.aspx?idFallo=136384
507,http://juba.scba.gov.ar/VerTextoCompleto.aspx?idFallo=136385
508,http://juba.scba.gov.ar/VerTextoCompleto.aspx?idFallo=143596
509,http://juba.scba.gov.ar/VerTextoCompleto.aspx?idFallo=143469
510,http://juba.scba.gov.ar/VerTextoCompleto.aspx?idFallo=143412
511,http://juba.scba.gov.ar/VerTextoCompleto.aspx?idFallo=143612
512,http://juba.scba.gov.ar/VerTextoCompleto.aspx?idFallo=143388
513,http://juba.scba.gov.ar/VerTextoCompleto.aspx?idFallo=142944
514,http://juba.scba.gov.ar/VerTextoCompleto.aspx?idFallo=143427
515,http://juba.scba.gov.ar/VerTextoCompleto.aspx?idFallo=143487
516,http://juba.scba.gov.ar/VerTextoCompleto.aspx?idFallo=143616
517,http://juba.scba.gov.ar/VerTextoCompleto.aspx?idFallo=143375
518,http://juba.scba.gov.ar/VerTextoCompleto.aspx?idFallo=143475
519,http://juba.scba.gov.ar/VerTextoCompleto.aspx?idFallo=143501
520,http://juba.scba.gov.ar/VerTextoCompleto.aspx?idFallo=143242
521,http://juba.scba.gov.ar/VerTextoCompleto.aspx?idFallo=143606
522,http://juba.scba.gov.ar/VerTextoCompleto.aspx?idFallo=143239
523,http://juba.scba.gov.ar/VerTextoCompleto.aspx?idFallo=143614
524,http://juba.scba.gov.ar/VerTextoCompleto.aspx?idFallo=143492
525,http://juba.scba.gov.ar/VerTextoCompleto.aspx?idFallo=142942
526,http://juba.scba.gov.ar/VerTextoCompleto.aspx?idFallo=143376
527,http://juba.scba.gov.ar/VerTextoCompleto.aspx?idFallo=143543
528,http://juba.scba.gov.ar/VerTextoCompleto.aspx?idFallo=143590
529,http://juba.scba.gov.ar/VerTextoCompleto.aspx?idFallo=143439
530,http://juba.scba.gov.ar/VerTextoCompleto.aspx?idFallo=143455
531,http://juba.scba.gov.ar/VerTextoCompleto.aspx?idFallo=143623
532,http://juba.scba.gov.ar/VerTextoCompleto.aspx?idFallo=143625
533,http://juba.scba.gov.ar/VerTextoCompleto.aspx?idFallo=143456
534,http://juba.scba.gov.ar/VerTextoCompleto.aspx?idFallo=143411
535,http://juba.scba.gov.ar/VerTextoCompleto.aspx?idFallo=143585
536,http://juba.scba.gov.ar/VerTextoCompleto.aspx?idFallo=143419
537,http://juba.scba.gov.ar/VerTextoCompleto.aspx?idFallo=143601
538,http://juba.scba.gov.ar/VerTextoCompleto.aspx?idFallo=143604
539,http://juba.scba.gov.ar/VerTextoCompleto.aspx?idFallo=136227
540,http://juba.scba.gov.ar/VerTextoCompleto.aspx?idFallo=132357
541,http://juba.scba.gov.ar/VerTextoCompleto.aspx?idFallo=136245
542,http://juba.scba.gov.ar/VerTextoCompleto.aspx?idFallo=136077
543,http://juba.scba.gov.ar/VerTextoCompleto.aspx?idFallo=132934
544,http://juba.scba.gov.ar/VerTextoCompleto.aspx?idFallo=136286
545,http://juba.scba.gov.ar/VerTextoCompleto.aspx?idFallo=136247
546,http://juba.scba.gov.ar/VerTextoCompleto.aspx?idFallo=132609
547,http://juba.scba.gov.ar/VerTextoCompleto.aspx?idFallo=132341
548,http://juba.scba.gov.ar/VerTextoCompleto.aspx?idFallo=136438
549,http://juba.scba.gov.ar/VerTextoCompleto.aspx?idFallo=136173
550,http://juba.scba.gov.ar/VerTextoCompleto.aspx?idFallo=132329
551,http://juba.scba.gov.ar/VerTextoCompleto.aspx?idFallo=134420
552,http://juba.scba.gov.ar/VerTextoCompleto.aspx?idFallo=132846
553,http://juba.scba.gov.ar/VerTextoCompleto.aspx?idFallo=136373
554,http://juba.scba.gov.ar/VerTextoCompleto.aspx?idFallo=135756
555,http://juba.scba.gov.ar/VerTextoCompleto.aspx?idFallo=136064
556,http://juba.scba.gov.ar/VerTextoCompleto.aspx?idFallo=136275
557,http://juba.scba.gov.ar/VerTextoCompleto.aspx?idFallo=136078
558,http://juba.scba.gov.ar/VerTextoCompleto.aspx?idFallo=132847
559,http://juba.scba.gov.ar/VerTextoCompleto.aspx?idFallo=132343
560,http://juba.scba.gov.ar/VerTextoCompleto.aspx?idFallo=136199
561,http://juba.scba.gov.ar/VerTextoCompleto.aspx?idFallo=132330
562,http://juba.scba.gov.ar/VerTextoCompleto.aspx?idFallo=136067
563,http://juba.scba.gov.ar/VerTextoCompleto.aspx?idFallo=135553
564,http://juba.scba.gov.ar/VerTextoCompleto.aspx?idFallo=136244
565,http://juba.scba.gov.ar/VerTextoCompleto.aspx?idFallo=136267
566,http://juba.scba.gov.ar/VerTextoCompleto.aspx?idFallo=132823
567,http://juba.scba.gov.ar/VerTextoCompleto.aspx?idFallo=134147
568,http://juba.scba.gov.ar/VerTextoCompleto.aspx?idFallo=136354
569,http://juba.scba.gov.ar/VerTextoCompleto.aspx?idFallo=132730
570,http://juba.scba.gov.ar/VerTextoCompleto.aspx?idFallo=136378
571,http://juba.scba.gov.ar/VerTextoCompleto.aspx?idFallo=136171
572,http://juba.scba.gov.ar/VerTextoCompleto.aspx?idFallo=132342
573,http://juba.scba.gov.ar/VerTextoCompleto.aspx?idFallo=136248
574,http://juba.scba.gov.ar/VerTextoCompleto.aspx?idFallo=136399
575,http://juba.scba.gov.ar/VerTextoCompleto.aspx?idFallo=132332
576,http://juba.scba.gov.ar/VerTextoCompleto.aspx?idFallo=136435
577,http://juba.scba.gov.ar/VerTextoCompleto.aspx?idFallo=136374
578,http://juba.scba.gov.ar/VerTextoCompleto.aspx?idFallo=136098
579,http://juba.scba.gov.ar/VerTextoCompleto.aspx?idFallo=136371
580,http://juba.scba.gov.ar/VerTextoCompleto.aspx?idFallo=134200
581,http://juba.scba.gov.ar/VerTextoCompleto.aspx?idFallo=168242
582,http://juba.scba.gov.ar/VerTextoCompleto.aspx?idFallo=168305
583,http://juba.scba.gov.ar/VerTextoCompleto.aspx?idFallo=168332
584,http://juba.scba.gov.ar/VerTextoCompleto.aspx?idFallo=168046
585,http://juba.scba.gov.ar/VerTextoCompleto.aspx?idFallo=163387
586,http://juba.scba.gov.ar/VerTextoCompleto.aspx?idFallo=166641
587,http://juba.scba.gov.ar/VerTextoCompleto.aspx?idFallo=168317
588,http://juba.scba.gov.ar/VerTextoCompleto.aspx?idFallo=168200
589,http://juba.scba.gov.ar/VerTextoCompleto.aspx?idFallo=163956
590,http://juba.scba.gov.ar/VerTextoCompleto.aspx?idFallo=170364
591,http://juba.scba.gov.ar/VerTextoCompleto.aspx?idFallo=173342
592,http://juba.scba.gov.ar/VerTextoCompleto.aspx?idFallo=169732
593,http://juba.scba.gov.ar/VerTextoCompleto.aspx?idFallo=172152
594,http://juba.scba.gov.ar/VerTextoCompleto.aspx?idFallo=172144
595,http://juba.scba.gov.ar/VerTextoCompleto.aspx?idFallo=140292
596,http://juba.scba.gov.ar/VerTextoCompleto.aspx?idFallo=141048
597,http://juba.scba.gov.ar/VerTextoCompleto.aspx?idFallo=140149
598,http://juba.scba.gov.ar/VerTextoCompleto.aspx?idFallo=140277
599,http://juba.scba.gov.ar/VerTextoCompleto.aspx?idFallo=140271
600,http://juba.scba.gov.ar/VerTextoCompleto.aspx?idFallo=140153
601,http://juba.scba.gov.ar/VerTextoCompleto.aspx?idFallo=140615
602,http://juba.scba.gov.ar/VerTextoCompleto.aspx?idFallo=140375
603,http://juba.scba.gov.ar/VerTextoCompleto.aspx?idFallo=140240
604,http://juba.scba.gov.ar/VerTextoCompleto.aspx?idFallo=139740
605,http://juba.scba.gov.ar/VerTextoCompleto.aspx?idFallo=140275
606,http://juba.scba.gov.ar/VerTextoCompleto.aspx?idFallo=140557
607,http://juba.scba.gov.ar/VerTextoCompleto.aspx?idFallo=140444
608,http://juba.scba.gov.ar/VerTextoCompleto.aspx?idFallo=141038
609,http://juba.scba.gov.ar/VerTextoCompleto.aspx?idFallo=140255
610,http://juba.scba.gov.ar/VerTextoCompleto.aspx?idFallo=141067
611,http://juba.scba.gov.ar/VerTextoCompleto.aspx?idFallo=141047
612,http://juba.scba.gov.ar/VerTextoCompleto.aspx?idFallo=140390
613,http://juba.scba.gov.ar/VerTextoCompleto.aspx?idFallo=140458
614,http://juba.scba.gov.ar/VerTextoCompleto.aspx?idFallo=140586
615,http://juba.scba.gov.ar/VerTextoCompleto.aspx?idFallo=140631
616,http://juba.scba.gov.ar/VerTextoCompleto.aspx?idFallo=140641
617,http://juba.scba.gov.ar/VerTextoCompleto.aspx?idFallo=140349
618,http://juba.scba.gov.ar/VerTextoCompleto.aspx?idFallo=141056
619,http://juba.scba.gov.ar/VerTextoCompleto.aspx?idFallo=141061
620,http://juba.scba.gov.ar/VerTextoCompleto.aspx?idFallo=140295
621,http://juba.scba.gov.ar/VerTextoCompleto.aspx?idFallo=141035
622,http://juba.scba.gov.ar/VerTextoCompleto.aspx?idFallo=141075
623,http://juba.scba.gov.ar/VerTextoCompleto.aspx?idFallo=140443
624,http://juba.scba.gov.ar/VerTextoCompleto.aspx?idFallo=175134
625,http://juba.scba.gov.ar/VerTextoCompleto.aspx?idFallo=175114
626,http://juba.scba.gov.ar/VerTextoCompleto.aspx?idFallo=175142
627,http://juba.scba.gov.ar/VerTextoCompleto.aspx?idFallo=175136
628,http://juba.scba.gov.ar/VerTextoCompleto.aspx?idFallo=174945
629,http://juba.scba.gov.ar/VerTextoCompleto.aspx?idFallo=174946
630,http://juba.scba.gov.ar/VerTextoCompleto.aspx?idFallo=175133
631,http://juba.scba.gov.ar/VerTextoCompleto.aspx?idFallo=169934
632,http://juba.scba.gov.ar/VerTextoCompleto.aspx?idFallo=170993
633,http://juba.scba.gov.ar/VerTextoCompleto.aspx?idFallo=171410
634,http://juba.scba.gov.ar/VerTextoCompleto.aspx?idFallo=172087
635,http://juba.scba.gov.ar/VerTextoCompleto.aspx?idFallo=172144
636,http://juba.scba.gov.ar/VerTextoCompleto.aspx?idFallo=172147
637,http://juba.scba.gov.ar/VerTextoCompleto.aspx?idFallo=131058
638,http://juba.scba.gov.ar/VerTextoCompleto.aspx?idFallo=131072
639,http://juba.scba.gov.ar/VerTextoCompleto.aspx?idFallo=130972
640,http://juba.scba.gov.ar/VerTextoCompleto.aspx?idFallo=131029
641,http://juba.scba.gov.ar/VerTextoCompleto.aspx?idFallo=131069
642,http://juba.scba.gov.ar/VerTextoCompleto.aspx?idFallo=130981
643,http://juba.scba.gov.ar/VerTextoCompleto.aspx?idFallo=130977
644,http://juba.scba.gov.ar/VerTextoCompleto.aspx?idFallo=131130
645,http://juba.scba.gov.ar/VerTextoCompleto.aspx?idFallo=131047
646,http://juba.scba.gov.ar/VerTextoCompleto.aspx?idFallo=130975
647,http://juba.scba.gov.ar/VerTextoCompleto.aspx?idFallo=130569
648,http://juba.scba.gov.ar/VerTextoCompleto.aspx?idFallo=130964
649,http://juba.scba.gov.ar/VerTextoCompleto.aspx?idFallo=130976
650,http://juba.scba.gov.ar/VerTextoCompleto.aspx?idFallo=131158
651,http://juba.scba.gov.ar/VerTextoCompleto.aspx?idFallo=130997
652,http://juba.scba.gov.ar/VerTextoCompleto.aspx?idFallo=131030
653,http://juba.scba.gov.ar/VerTextoCompleto.aspx?idFallo=131114
654,http://juba.scba.gov.ar/VerTextoCompleto.aspx?idFallo=131070
655,http://juba.scba.gov.ar/VerTextoCompleto.aspx?idFallo=131157
656,http://juba.scba.gov.ar/VerTextoCompleto.aspx?idFallo=130946
657,http://juba.scba.gov.ar/VerTextoCompleto.aspx?idFallo=130570
658,http://www.scba.gov.ar/falloscompl/SCBA/2015/02-25/I2979.doc
659,http://www.scba.gov.ar/falloscompl/SCBA/2015/02-19/L117223.doc
660,http://www.scba.gov.ar/falloscompl/SCBA/2014/10-08/B61894.doc
661,http://www.scba.gov.ar/falloscompl/SCBA/2015/02-11/L117016.doc
662,http://www.scba.gov.ar/falloscompl/SCBA/2014/12-29/c119274.doc
663,http://www.scba.gov.ar/falloscompl/SCBA/2015/03-11/A71933.doc
664,http://www.scba.gov.ar/falloscompl/SCBA/2014/12-17/A71201.doc
665,http://www.scba.gov.ar/falloscompl/SCBA/2014/12-23/L116477.doc
666,http://www.scba.gov.ar/falloscompl/SCBA/2015/03-04/c108089.doc
667,http://www.scba.gov.ar/falloscompl/SCBA/2015/02-25/B65355.doc
668,http://www.scba.gov.ar/falloscompl/SCBA/2015/02-25/B64077.doc
669,http://www.scba.gov.ar/falloscompl/SCBA/2015/03-26/B63264.doc
670,http://www.scba.gov.ar/falloscompl/SCBA/2015/02-25/A71351.doc
671,http://www.scba.gov.ar/falloscompl/SCBA/2015/02-25/A70822.doc
672,http://www.scba.gov.ar/falloscompl/SCBA/2014/12-10/B57974.doc
673,http://www.scba.gov.ar/falloscompl/SCBA/2015/03-11/A71738.doc
674,http://www.scba.gov.ar/falloscompl/SCBA/2015/03-04/B59289.doc
675,http://www.scba.gov.ar/falloscompl/SCBA/2014/12-17/B62675.doc
676,http://www.scba.gov.ar/falloscompl/SCBA/2015/02-25/A71222.doc
677,http://www.scba.gov.ar/falloscompl/SCBA/2014/12-03/L118131.doc
678,http://www.scba.gov.ar/falloscompl/SCBA/2015/02-11/L114401.doc
679,http://www.scba.gov.ar/falloscompl/SCBA/2015/03-04/c117550.doc
680,http://www.scba.gov.ar/falloscompl/SCBA/2015/02-19/L107420.doc
681,http://www.scba.gov.ar/falloscompl/SCBA/2014/12-23/c117566.doc
682,http://www.scba.gov.ar/falloscompl/SCBA/2014/12-10/A71831.doc
683,http://www.scba.gov.ar/falloscompl/SCBA/2014/12-23/L111521.doc
684,http://www.scba.gov.ar/falloscompl/SCBA/2015/03-11/B66532.doc
685,http://www.scba.gov.ar/falloscompl/SCBA/2014/12-03/A72137.doc
686,http://www.scba.gov.ar/falloscompl/SCBA/2015/02-25/A71395.doc
687,http://www.scba.gov.ar/falloscompl/SCBA/2014/12-03/A71303.doc
688,http://www.scba.gov.ar/falloscompl/SCBA/2015/02-25/A71304.doc
689,http://www.scba.gov.ar/falloscompl/SCBA/2015/02-25/A70112.doc
690,http://www.scba.gov.ar/falloscompl/SCBA/2014/12-17/B66922.doc
691,http://www.scba.gov.ar/falloscompl/SCBA/2015/03-26/I68323.doc
692,http://www.scba.gov.ar/falloscompl/SCBA/2015/02-19/A72417.doc
693,http://www.scba.gov.ar/falloscompl/SCBA/2015/03-04/L117025.doc
694,http://www.scba.gov.ar/falloscompl/SCBA/2015/03-04/L117338.doc
695,http://www.scba.gov.ar/falloscompl/SCBA/2015/03-04/L117841.doc
696,http://juba.scba.gov.ar/VerTextoCompleto.aspx?idFallo=176983
697,http://juba.scba.gov.ar/VerTextoCompleto.aspx?idFallo=176980
698,http://juba.scba.gov.ar/VerTextoCompleto.aspx?idFallo=175813
699,http://juba.scba.gov.ar/VerTextoCompleto.aspx?idFallo=175710
700,http://juba.scba.gov.ar/VerTextoCompleto.aspx?idFallo=176989
701,http://juba.scba.gov.ar/VerTextoCompleto.aspx?idFallo=175816
702,http://juba.scba.gov.ar/VerTextoCompleto.aspx?idFallo=175967
703,http://juba.scba.gov.ar/VerTextoCompleto.aspx?idFallo=177136
704,http://juba.scba.gov.ar/VerTextoCompleto.aspx?idFallo=174945
705,http://juba.scba.gov.ar/VerTextoCompleto.aspx?idFallo=177179
706,http://juba.scba.gov.ar/VerTextoCompleto.aspx?idFallo=177130
707,http://juba.scba.gov.ar/VerTextoCompleto.aspx?idFallo=175928
708,http://juba.scba.gov.ar/VerTextoCompleto.aspx?idFallo=177178
709,http://juba.scba.gov.ar/VerTextoCompleto.aspx?idFallo=176992
710,http://juba.scba.gov.ar/VerTextoCompleto.aspx?idFallo=163000
711,http://juba.scba.gov.ar/VerTextoCompleto.aspx?idFallo=162208
712,http://juba.scba.gov.ar/VerTextoCompleto.aspx?idFallo=162553
713,http://juba.scba.gov.ar/VerTextoCompleto.aspx?idFallo=162546
714,http://juba.scba.gov.ar/VerTextoCompleto.aspx?idFallo=162551
715,http://juba.scba.gov.ar/VerTextoCompleto.aspx?idFallo=162552
716,http://juba.scba.gov.ar/VerTextoCompleto.aspx?idFallo=162482
717,http://juba.scba.gov.ar/VerTextoCompleto.aspx?idFallo=162479
718,http://juba.scba.gov.ar/VerTextoCompleto.aspx?idFallo=162948
719,http://juba.scba.gov.ar/VerTextoCompleto.aspx?idFallo=162558
720,http://juba.scba.gov.ar/VerTextoCompleto.aspx?idFallo=141510
721,http://juba.scba.gov.ar/VerTextoCompleto.aspx?idFallo=141961
722,http://juba.scba.gov.ar/VerTextoCompleto.aspx?idFallo=142459
723,http://juba.scba.gov.ar/VerTextoCompleto.aspx?idFallo=142615
724,http://juba.scba.gov.ar/VerTextoCompleto.aspx?idFallo=142475
725,http://juba.scba.gov.ar/VerTextoCompleto.aspx?idFallo=142412
726,http://juba.scba.gov.ar/VerTextoCompleto.aspx?idFallo=142617
727,http://juba.scba.gov.ar/VerTextoCompleto.aspx?idFallo=142421
728,http://juba.scba.gov.ar/VerTextoCompleto.aspx?idFallo=140635
729,http://juba.scba.gov.ar/VerTextoCompleto.aspx?idFallo=142570
730,http://juba.scba.gov.ar/VerTextoCompleto.aspx?idFallo=142474
731,http://juba.scba.gov.ar/VerTextoCompleto.aspx?idFallo=142587
732,http://juba.scba.gov.ar/VerTextoCompleto.aspx?idFallo=142376
733,http://juba.scba.gov.ar/VerTextoCompleto.aspx?idFallo=142636
734,http://juba.scba.gov.ar/VerTextoCompleto.aspx?idFallo=142593
735,http://juba.scba.gov.ar/VerTextoCompleto.aspx?idFallo=142612
736,http://juba.scba.gov.ar/VerTextoCompleto.aspx?idFallo=142602
737,http://juba.scba.gov.ar/VerTextoCompleto.aspx?idFallo=142478
738,http://juba.scba.gov.ar/VerTextoCompleto.aspx?idFallo=142539
739,http://juba.scba.gov.ar/VerTextoCompleto.aspx?idFallo=142506
740,http://juba.scba.gov.ar/VerTextoCompleto.aspx?idFallo=142592
741,http://juba.scba.gov.ar/VerTextoCompleto.aspx?idFallo=142564
742,http://juba.scba.gov.ar/VerTextoCompleto.aspx?idFallo=142458
743,http://juba.scba.gov.ar/VerTextoCompleto.aspx?idFallo=142189
744,http://juba.scba.gov.ar/VerTextoCompleto.aspx?idFallo=142425
745,http://juba.scba.gov.ar/VerTextoCompleto.aspx?idFallo=141502
746,http://juba.scba.gov.ar/VerTextoCompleto.aspx?idFallo=142616
747,http://juba.scba.gov.ar/VerTextoCompleto.aspx?idFallo=142164
748,http://juba.scba.gov.ar/VerTextoCompleto.aspx?idFallo=142614
749,http://juba.scba.gov.ar/VerTextoCompleto.aspx?idFallo=142427
750,http://juba.scba.gov.ar/VerTextoCompleto.aspx?idFallo=142122
751,http://juba.scba.gov.ar/VerTextoCompleto.aspx?idFallo=142532
752,http://juba.scba.gov.ar/VerTextoCompleto.aspx?idFallo=134102
753,http://juba.scba.gov.ar/VerTextoCompleto.aspx?idFallo=134182
754,http://juba.scba.gov.ar/VerTextoCompleto.aspx?idFallo=132960
755,http://juba.scba.gov.ar/VerTextoCompleto.aspx?idFallo=134107
756,http://juba.scba.gov.ar/VerTextoCompleto.aspx?idFallo=132763
757,http://juba.scba.gov.ar/VerTextoCompleto.aspx?idFallo=133980
758,http://juba.scba.gov.ar/VerTextoCompleto.aspx?idFallo=130617
759,http://juba.scba.gov.ar/VerTextoCompleto.aspx?idFallo=130247
760,http://juba.scba.gov.ar/VerTextoCompleto.aspx?idFallo=132819
761,http://juba.scba.gov.ar/VerTextoCompleto.aspx?idFallo=132828
762,http://juba.scba.gov.ar/VerTextoCompleto.aspx?idFallo=134271
763,http://juba.scba.gov.ar/VerTextoCompleto.aspx?idFallo=134206
764,http://juba.scba.gov.ar/VerTextoCompleto.aspx?idFallo=134137
765,http://juba.scba.gov.ar/VerTextoCompleto.aspx?idFallo=132678
766,http://juba.scba.gov.ar/VerTextoCompleto.aspx?idFallo=132817
767,http://juba.scba.gov.ar/VerTextoCompleto.aspx?idFallo=132904
768,http://juba.scba.gov.ar/VerTextoCompleto.aspx?idFallo=131174
769,http://juba.scba.gov.ar/VerTextoCompleto.aspx?idFallo=134168
770,http://juba.scba.gov.ar/VerTextoCompleto.aspx?idFallo=132788
771,http://juba.scba.gov.ar/VerTextoCompleto.aspx?idFallo=133975
772,http://juba.scba.gov.ar/VerTextoCompleto.aspx?idFallo=132945
773,http://juba.scba.gov.ar/VerTextoCompleto.aspx?idFallo=132822
774,http://juba.scba.gov.ar/VerTextoCompleto.aspx?idFallo=134219
775,http://juba.scba.gov.ar/VerTextoCompleto.aspx?idFallo=134221
776,http://juba.scba.gov.ar/VerTextoCompleto.aspx?idFallo=131175
777,http://juba.scba.gov.ar/VerTextoCompleto.aspx?idFallo=134212
778,http://juba.scba.gov.ar/VerTextoCompleto.aspx?idFallo=132753
779,http://juba.scba.gov.ar/VerTextoCompleto.aspx?idFallo=132942
780,http://juba.scba.gov.ar/VerTextoCompleto.aspx?idFallo=134103
781,http://juba.scba.gov.ar/VerTextoCompleto.aspx?idFallo=134241
782,http://www.scba.gov.ar/falloscompl/SCBA/Inter/2014/10-22/B73117.doc
783,http://www.scba.gov.ar/falloscompl/SCBA/Inter/2014/12-29/B73426.doc
784,http://www.scba.gov.ar/falloscompl/SCBA/Inter/2014/11-20/B73387.doc
785,http://www.scba.gov.ar/falloscompl/SCBA/Inter/2014/11-12/B73226.doc
786,http://www.scba.gov.ar/falloscompl/SCBA/Inter/2014/10-22/A73282.doc
787,http://www.scba.gov.ar/falloscompl/SCBA/2014/12-17/A71935.doc
788,http://www.scba.gov.ar/falloscompl/SCBA/2014/12-17/A72455.doc
789,http://www.scba.gov.ar/falloscompl/SCBA/Inter/2014/12-10/Q73428.doc
790,http://www.scba.gov.ar/falloscompl/SCBA/2015/02-25/I1963.doc
791,http://www.scba.gov.ar/falloscompl/SCBA/2014/12-29/B67338.doc
792,http://www.scba.gov.ar/falloscompl/SCBA/Inter/2014/11-20/A73275.doc
793,http://www.scba.gov.ar/falloscompl/SCBA/2015/02-19/A71798.doc
794,http://www.scba.gov.ar/falloscompl/SCBA/Inter/2014/11-12/B73124.doc
795,http://www.scba.gov.ar/falloscompl/SCBA/2014/12-17/B58123.doc
796,http://www.scba.gov.ar/falloscompl/SCBA/2014/12-03/B66985.doc
797,http://www.scba.gov.ar/falloscompl/SCBA/Inter/2014/12-29/I73195.doc
798,http://www.scba.gov.ar/falloscompl/SCBA/Inter/2014/12-03/Q73427.doc
799,http://www.scba.gov.ar/falloscompl/SCBA/2014/11-12/c101549.doc
800,http://www.scba.gov.ar/falloscompl/SCBA/2014/12-17/B64502.doc
801,http://www.scba.gov.ar/falloscompl/SCBA/Inter/2014/11-05/Q73360.doc
802,http://www.scba.gov.ar/falloscompl/SCBA/Inter/2014/11-05/B73390.doc
803,http://www.scba.gov.ar/falloscompl/SCBA/Inter/2014/10-22/B73313.doc
804,http://www.scba.gov.ar/falloscompl/SCBA/Inter/2014/12-29/B73326.doc
805,http://www.scba.gov.ar/falloscompl/SCBA/Inter/2014/10-29/A73254.doc
806,http://www.scba.gov.ar/falloscompl/SCBA/Inter/2014/12-29/B73312.doc
807,http://www.scba.gov.ar/falloscompl/SCBA/Inter/2014/12-29/Q72965.doc
808,http://www.scba.gov.ar/falloscompl/SCBA/Inter/2014/11-12/Q73302.doc
809,http://www.scba.gov.ar/falloscompl/SCBA/2015/02-11/c117926.doc
810,http://www.scba.gov.ar/falloscompl/SCBA/Inter/2014/12-23/I72669.doc
811,http://www.scba.gov.ar/falloscompl/SCBA/Inter/2014/11-12/B73328.doc
812,http://www.scba.gov.ar/falloscompl/SCBA/Inter/2014/11-20/B73388.doc
813,http://www.scba.gov.ar/falloscompl/SCBA/Inter/2015/02-11/B73525.doc
814,http://www.scba.gov.ar/falloscompl/SCBA/2014/12-10/c118272.doc
815,http://www.scba.gov.ar/falloscompl/SCBA/2015/02-19/c119134.doc
816,http://www.scba.gov.ar/falloscompl/SCBA/2014/12-23/B63942.doc
817,http://www.scba.gov.ar/falloscompl/SCBA/2014/12-17/Q70810.doc
818,http://www.scba.gov.ar/falloscompl/SCBA/2014/12-29/B61229.doc
819,http://www.scba.gov.ar/falloscompl/SCBA/Inter/2014/12-29/Q73383.doc
820,http://juba.scba.gov.ar/VerTextoCompleto.aspx?idFallo=130571
821,http://juba.scba.gov.ar/VerTextoCompleto.aspx?idFallo=130486
822,http://juba.scba.gov.ar/VerTextoCompleto.aspx?idFallo=128965
823,http://juba.scba.gov.ar/VerTextoCompleto.aspx?idFallo=130476
824,http://juba.scba.gov.ar/VerTextoCompleto.aspx?idFallo=130379
825,http://juba.scba.gov.ar/VerTextoCompleto.aspx?idFallo=127793
826,http://juba.scba.gov.ar/VerTextoCompleto.aspx?idFallo=127951
827,http://juba.scba.gov.ar/VerTextoCompleto.aspx?idFallo=127820
828,http://juba.scba.gov.ar/VerTextoCompleto.aspx?idFallo=130572
829,http://juba.scba.gov.ar/VerTextoCompleto.aspx?idFallo=127819
830,http://juba.scba.gov.ar/VerTextoCompleto.aspx?idFallo=130458
831,http://juba.scba.gov.ar/VerTextoCompleto.aspx?idFallo=130421
832,http://juba.scba.gov.ar/VerTextoCompleto.aspx?idFallo=127963
833,http://juba.scba.gov.ar/VerTextoCompleto.aspx?idFallo=130109
834,http://juba.scba.gov.ar/VerTextoCompleto.aspx?idFallo=130375
835,http://juba.scba.gov.ar/VerTextoCompleto.aspx?idFallo=126816
836,http://juba.scba.gov.ar/VerTextoCompleto.aspx?idFallo=130529
837,http://juba.scba.gov.ar/VerTextoCompleto.aspx?idFallo=129078
838,http://juba.scba.gov.ar/VerTextoCompleto.aspx?idFallo=142463
839,http://juba.scba.gov.ar/VerTextoCompleto.aspx?idFallo=142328
840,http://juba.scba.gov.ar/VerTextoCompleto.aspx?idFallo=142238
841,http://juba.scba.gov.ar/VerTextoCompleto.aspx?idFallo=142742
842,http://juba.scba.gov.ar/VerTextoCompleto.aspx?idFallo=142779
843,http://juba.scba.gov.ar/VerTextoCompleto.aspx?idFallo=142863
844,http://juba.scba.gov.ar/VerTextoCompleto.aspx?idFallo=141801
845,http://juba.scba.gov.ar/VerTextoCompleto.aspx?idFallo=142469
846,http://juba.scba.gov.ar/VerTextoCompleto.aspx?idFallo=142240
847,http://juba.scba.gov.ar/VerTextoCompleto.aspx?idFallo=142973
848,http://juba.scba.gov.ar/VerTextoCompleto.aspx?idFallo=142678
849,http://juba.scba.gov.ar/VerTextoCompleto.aspx?idFallo=142329
850,http://juba.scba.gov.ar/VerTextoCompleto.aspx?idFallo=143007
851,http://juba.scba.gov.ar/VerTextoCompleto.aspx?idFallo=142936
852,http://juba.scba.gov.ar/VerTextoCompleto.aspx?idFallo=142932
853,http://juba.scba.gov.ar/VerTextoCompleto.aspx?idFallo=142786
854,http://juba.scba.gov.ar/VerTextoCompleto.aspx?idFallo=142986
855,http://juba.scba.gov.ar/VerTextoCompleto.aspx?idFallo=142659
856,http://juba.scba.gov.ar/VerTextoCompleto.aspx?idFallo=142576
857,http://juba.scba.gov.ar/VerTextoCompleto.aspx?idFallo=142288
858,http://juba.scba.gov.ar/VerTextoCompleto.aspx?idFallo=142861
859,http://juba.scba.gov.ar/VerTextoCompleto.aspx?idFallo=142879
860,http://juba.scba.gov.ar/VerTextoCompleto.aspx?idFallo=142325
861,http://juba.scba.gov.ar/VerTextoCompleto.aspx?idFallo=142618
862,http://juba.scba.gov.ar/VerTextoCompleto.aspx?idFallo=142974
863,http://juba.scba.gov.ar/VerTextoCompleto.aspx?idFallo=142627
864,http://juba.scba.gov.ar/VerTextoCompleto.aspx?idFallo=142702
865,http://juba.scba.gov.ar/VerTextoCompleto.aspx?idFallo=142957
866,http://juba.scba.gov.ar/VerTextoCompleto.aspx?idFallo=142938
867,http://juba.scba.gov.ar/VerTextoCompleto.aspx?idFallo=142331
868,http://juba.scba.gov.ar/VerTextoCompleto.aspx?idFallo=141940
869,http://juba.scba.gov.ar/VerTextoCompleto.aspx?idFallo=142628
870,http://juba.scba.gov.ar/VerTextoCompleto.aspx?idFallo=142972
871,http://juba.scba.gov.ar/VerTextoCompleto.aspx?idFallo=141811
872,http://juba.scba.gov.ar/VerTextoCompleto.aspx?idFallo=142787
873,http://juba.scba.gov.ar/VerTextoCompleto.aspx?idFallo=143017
874,http://juba.scba.gov.ar/VerTextoCompleto.aspx?idFallo=132824
875,http://juba.scba.gov.ar/VerTextoCompleto.aspx?idFallo=135676
876,http://juba.scba.gov.ar/VerTextoCompleto.aspx?idFallo=134248
877,http://juba.scba.gov.ar/VerTextoCompleto.aspx?idFallo=134358
878,http://juba.scba.gov.ar/VerTextoCompleto.aspx?idFallo=135682
879,http://juba.scba.gov.ar/VerTextoCompleto.aspx?idFallo=134413
880,http://juba.scba.gov.ar/VerTextoCompleto.aspx?idFallo=135618
881,http://juba.scba.gov.ar/VerTextoCompleto.aspx?idFallo=134363
882,http://juba.scba.gov.ar/VerTextoCompleto.aspx?idFallo=134348
883,http://juba.scba.gov.ar/VerTextoCompleto.aspx?idFallo=134063
884,http://juba.scba.gov.ar/VerTextoCompleto.aspx?idFallo=134027
885,http://juba.scba.gov.ar/VerTextoCompleto.aspx?idFallo=134359
886,http://juba.scba.gov.ar/VerTextoCompleto.aspx?idFallo=135607
887,http://juba.scba.gov.ar/VerTextoCompleto.aspx?idFallo=135679
888,http://juba.scba.gov.ar/VerTextoCompleto.aspx?idFallo=134193
889,http://juba.scba.gov.ar/VerTextoCompleto.aspx?idFallo=132815
890,http://juba.scba.gov.ar/VerTextoCompleto.aspx?idFallo=135671
891,http://juba.scba.gov.ar/VerTextoCompleto.aspx?idFallo=134417
892,http://juba.scba.gov.ar/VerTextoCompleto.aspx?idFallo=134203
893,http://juba.scba.gov.ar/VerTextoCompleto.aspx?idFallo=134381
894,http://juba.scba.gov.ar/VerTextoCompleto.aspx?idFallo=130249
895,http://juba.scba.gov.ar/VerTextoCompleto.aspx?idFallo=130687
896,http://juba.scba.gov.ar/VerTextoCompleto.aspx?idFallo=130686
897,http://juba.scba.gov.ar/VerTextoCompleto.aspx?idFallo=130525
898,http://juba.scba.gov.ar/VerTextoCompleto.aspx?idFallo=130677
899,http://juba.scba.gov.ar/VerTextoCompleto.aspx?idFallo=129100
900,http://juba.scba.gov.ar/VerTextoCompleto.aspx?idFallo=130783
901,http://juba.scba.gov.ar/VerTextoCompleto.aspx?idFallo=130824
902,http://juba.scba.gov.ar/VerTextoCompleto.aspx?idFallo=129101
903,http://juba.scba.gov.ar/VerTextoCompleto.aspx?idFallo=129092
904,http://juba.scba.gov.ar/VerTextoCompleto.aspx?idFallo=130471
905,http://juba.scba.gov.ar/VerTextoCompleto.aspx?idFallo=129118
906,http://juba.scba.gov.ar/VerTextoCompleto.aspx?idFallo=129072
907,http://juba.scba.gov.ar/VerTextoCompleto.aspx?idFallo=130678
908,http://juba.scba.gov.ar/VerTextoCompleto.aspx?idFallo=130107
909,http://juba.scba.gov.ar/VerTextoCompleto.aspx?idFallo=130676
910,http://juba.scba.gov.ar/VerTextoCompleto.aspx?idFallo=130685
911,http://juba.scba.gov.ar/VerTextoCompleto.aspx?idFallo=129088
912,http://juba.scba.gov.ar/VerTextoCompleto.aspx?idFallo=130562
913,http://juba.scba.gov.ar/VerTextoCompleto.aspx?idFallo=130607
914,http://juba.scba.gov.ar/VerTextoCompleto.aspx?idFallo=128964
915,http://juba.scba.gov.ar/VerTextoCompleto.aspx?idFallo=130488
916,http://juba.scba.gov.ar/VerTextoCompleto.aspx?idFallo=130539
917,http://juba.scba.gov.ar/VerTextoCompleto.aspx?idFallo=130645
918,http://juba.scba.gov.ar/VerTextoCompleto.aspx?idFallo=130652
919,http://juba.scba.gov.ar/VerTextoCompleto.aspx?idFallo=130822
920,http://juba.scba.gov.ar/VerTextoCompleto.aspx?idFallo=127333
921,http://juba.scba.gov.ar/VerTextoCompleto.aspx?idFallo=130779
922,http://juba.scba.gov.ar/VerTextoCompleto.aspx?idFallo=126900
923,http://juba.scba.gov.ar/VerTextoCompleto.aspx?idFallo=130632
924,http://juba.scba.gov.ar/VerTextoCompleto.aspx?idFallo=129106
925,http://juba.scba.gov.ar/VerTextoCompleto.aspx?idFallo=129117
926,http://juba.scba.gov.ar/VerTextoCompleto.aspx?idFallo=130530
927,http://juba.scba.gov.ar/VerTextoCompleto.aspx?idFallo=129080
928,http://juba.scba.gov.ar/VerTextoCompleto.aspx?idFallo=129067
929,http://juba.scba.gov.ar/VerTextoCompleto.aspx?idFallo=130613
930,http://juba.scba.gov.ar/VerTextoCompleto.aspx?idFallo=129087
931,http://juba.scba.gov.ar/VerTextoCompleto.aspx?idFallo=129069
932,http://juba.scba.gov.ar/VerTextoCompleto.aspx?idFallo=129103
933,http://juba.scba.gov.ar/VerTextoCompleto.aspx?idFallo=160547
934,http://juba.scba.gov.ar/VerTextoCompleto.aspx?idFallo=146011
935,http://juba.scba.gov.ar/VerTextoCompleto.aspx?idFallo=145552
936,http://juba.scba.gov.ar/VerTextoCompleto.aspx?idFallo=145176
937,http://juba.scba.gov.ar/VerTextoCompleto.aspx?idFallo=160843
938,http://juba.scba.gov.ar/VerTextoCompleto.aspx?idFallo=159524
939,http://juba.scba.gov.ar/VerTextoCompleto.aspx?idFallo=160525
940,http://juba.scba.gov.ar/VerTextoCompleto.aspx?idFallo=145166
941,http://juba.scba.gov.ar/VerTextoCompleto.aspx?idFallo=161480
942,http://juba.scba.gov.ar/VerTextoCompleto.aspx?idFallo=159954
943,http://juba.scba.gov.ar/VerTextoCompleto.aspx?idFallo=143552
944,http://juba.scba.gov.ar/VerTextoCompleto.aspx?idFallo=145170
945,http://juba.scba.gov.ar/VerTextoCompleto.aspx?idFallo=143550
946,http://juba.scba.gov.ar/VerTextoCompleto.aspx?idFallo=146081
947,http://juba.scba.gov.ar/VerTextoCompleto.aspx?idFallo=159638
948,http://juba.scba.gov.ar/VerTextoCompleto.aspx?idFallo=145171
949,http://juba.scba.gov.ar/VerTextoCompleto.aspx?idFallo=145167
950,http://juba.scba.gov.ar/VerTextoCompleto.aspx?idFallo=145174
951,http://juba.scba.gov.ar/VerTextoCompleto.aspx?idFallo=161213
952,http://juba.scba.gov.ar/VerTextoCompleto.aspx?idFallo=161449
953,http://juba.scba.gov.ar/VerTextoCompleto.aspx?idFallo=145478
954,http://juba.scba.gov.ar/VerTextoCompleto.aspx?idFallo=143553
955,http://juba.scba.gov.ar/VerTextoCompleto.aspx?idFallo=146009
956,http://juba.scba.gov.ar/VerTextoCompleto.aspx?idFallo=146107
957,http://juba.scba.gov.ar/VerTextoCompleto.aspx?idFallo=159782
958,http://juba.scba.gov.ar/VerTextoCompleto.aspx?idFallo=161324
959,http://juba.scba.gov.ar/VerTextoCompleto.aspx?idFallo=159525
960,http://juba.scba.gov.ar/VerTextoCompleto.aspx?idFallo=161065
961,http://juba.scba.gov.ar/VerTextoCompleto.aspx?idFallo=159531
962,http://juba.scba.gov.ar/VerTextoCompleto.aspx?idFallo=145151
963,http://juba.scba.gov.ar/VerTextoCompleto.aspx?idFallo=161060
964,http://juba.scba.gov.ar/VerTextoCompleto.aspx?idFallo=127147
965,http://juba.scba.gov.ar/VerTextoCompleto.aspx?idFallo=127461
966,http://juba.scba.gov.ar/VerTextoCompleto.aspx?idFallo=127114
967,http://juba.scba.gov.ar/VerTextoCompleto.aspx?idFallo=127154
968,http://juba.scba.gov.ar/VerTextoCompleto.aspx?idFallo=127326
969,http://juba.scba.gov.ar/VerTextoCompleto.aspx?idFallo=127115
970,http://juba.scba.gov.ar/VerTextoCompleto.aspx?idFallo=127076
971,http://juba.scba.gov.ar/VerTextoCompleto.aspx?idFallo=125929
972,http://juba.scba.gov.ar/VerTextoCompleto.aspx?idFallo=127469
973,http://juba.scba.gov.ar/VerTextoCompleto.aspx?idFallo=127082
974,http://juba.scba.gov.ar/VerTextoCompleto.aspx?idFallo=127494
975,http://juba.scba.gov.ar/VerTextoCompleto.aspx?idFallo=127084
976,http://juba.scba.gov.ar/VerTextoCompleto.aspx?idFallo=127328
977,http://juba.scba.gov.ar/VerTextoCompleto.aspx?idFallo=127335
978,http://juba.scba.gov.ar/VerTextoCompleto.aspx?idFallo=127474
979,http://juba.scba.gov.ar/VerTextoCompleto.aspx?idFallo=127220
980,http://juba.scba.gov.ar/VerTextoCompleto.aspx?idFallo=126873
981,http://juba.scba.gov.ar/VerTextoCompleto.aspx?idFallo=127287
982,http://juba.scba.gov.ar/VerTextoCompleto.aspx?idFallo=127305
983,http://juba.scba.gov.ar/VerTextoCompleto.aspx?idFallo=127361
984,http://juba.scba.gov.ar/VerTextoCompleto.aspx?idFallo=127079
985,http://juba.scba.gov.ar/VerTextoCompleto.aspx?idFallo=127185
986,http://juba.scba.gov.ar/VerTextoCompleto.aspx?idFallo=127509
987,http://juba.scba.gov.ar/VerTextoCompleto.aspx?idFallo=127118
988,http://juba.scba.gov.ar/VerTextoCompleto.aspx?idFallo=127068
989,http://juba.scba.gov.ar/VerTextoCompleto.aspx?idFallo=126894
990,http://juba.scba.gov.ar/VerTextoCompleto.aspx?idFallo=127332
991,http://juba.scba.gov.ar/VerTextoCompleto.aspx?idFallo=127216
992,http://juba.scba.gov.ar/VerTextoCompleto.aspx?idFallo=127510
993,http://juba.scba.gov.ar/VerTextoCompleto.aspx?idFallo=127511
994,http://juba.scba.gov.ar/VerTextoCompleto.aspx?idFallo=126876
995,http://juba.scba.gov.ar/VerTextoCompleto.aspx?idFallo=168973
996,http://juba.scba.gov.ar/VerTextoCompleto.aspx?idFallo=163792
997,http://juba.scba.gov.ar/VerTextoCompleto.aspx?idFallo=168711
998,http://juba.scba.gov.ar/VerTextoCompleto.aspx?idFallo=168977
999,http://juba.scba.gov.ar/VerTextoCompleto.aspx?idFallo=164027
1000,http://juba.scba.gov.ar/VerTextoCompleto.aspx?idFallo=163791
1001,http://juba.scba.gov.ar/VerTextoCompleto.aspx?idFallo=163749
1002,http://juba.scba.gov.ar/VerTextoCompleto.aspx?idFallo=168599
1003,http://juba.scba.gov.ar/VerTextoCompleto.aspx?idFallo=141892
1004,http://juba.scba.gov.ar/VerTextoCompleto.aspx?idFallo=141909
1005,http://juba.scba.gov.ar/VerTextoCompleto.aspx?idFallo=141893
1006,http://juba.scba.gov.ar/VerTextoCompleto.aspx?idFallo=140595
1007,http://juba.scba.gov.ar/VerTextoCompleto.aspx?idFallo=140599
1008,http://juba.scba.gov.ar/VerTextoCompleto.aspx?idFallo=141862
1009,http://juba.scba.gov.ar/VerTextoCompleto.aspx?idFallo=141059
1010,http://juba.scba.gov.ar/VerTextoCompleto.aspx?idFallo=141580
1011,http://juba.scba.gov.ar/VerTextoCompleto.aspx?idFallo=140601
1012,http://juba.scba.gov.ar/VerTextoCompleto.aspx?idFallo=141908
1013,http://juba.scba.gov.ar/VerTextoCompleto.aspx?idFallo=141467
1014,http://juba.scba.gov.ar/VerTextoCompleto.aspx?idFallo=141860
1015,http://juba.scba.gov.ar/VerTextoCompleto.aspx?idFallo=141818
1016,http://juba.scba.gov.ar/VerTextoCompleto.aspx?idFallo=140518
1017,http://juba.scba.gov.ar/VerTextoCompleto.aspx?idFallo=141055
1018,http://juba.scba.gov.ar/VerTextoCompleto.aspx?idFallo=141823
1019,http://juba.scba.gov.ar/VerTextoCompleto.aspx?idFallo=141503
1020,http://juba.scba.gov.ar/VerTextoCompleto.aspx?idFallo=141911
1021,http://juba.scba.gov.ar/VerTextoCompleto.aspx?idFallo=141913
1022,http://juba.scba.gov.ar/VerTextoCompleto.aspx?idFallo=141551
1023,http://juba.scba.gov.ar/VerTextoCompleto.aspx?idFallo=141482
1024,http://juba.scba.gov.ar/VerTextoCompleto.aspx?idFallo=141292
1025,http://juba.scba.gov.ar/VerTextoCompleto.aspx?idFallo=141817
1026,http://juba.scba.gov.ar/VerTextoCompleto.aspx?idFallo=141890
1027,http://juba.scba.gov.ar/VerTextoCompleto.aspx?idFallo=141910
1028,http://juba.scba.gov.ar/VerTextoCompleto.aspx?idFallo=140513
1029,http://juba.scba.gov.ar/VerTextoCompleto.aspx?idFallo=141505
1030,http://juba.scba.gov.ar/VerTextoCompleto.aspx?idFallo=141507
